No.,なまえ,タイプ1,タイプ2,とくせい1,とくせい2,ゆめとくせい,HP,こうげき,ぼうぎょ,とくこう,とくぼう,すばやさ,合計,最終進化,地方,メガシンカ,同一種族値
001,フシギダネ,くさ,どく,しんりょく,,ようりょくそ,45,49,49,65,65,45,318,False,カントー,False,False
002,フシギソウ,くさ,どく,しんりょく,,ようりょくそ,60,62,63,80,80,60,405,False,カントー,False,False
003,フシギバナ,くさ,どく,しんりょく,,ようりょくそ,80,82,83,100,100,80,525,True,カントー,False,False
003,メガフシギバナ,くさ,どく,あついしぼう,,,80,100,123,122,120,80,625,True,カントー,True,False
004,ヒトカゲ,ほのお,,もうか,,サンパワー,39,52,43,60,50,65,309,False,カントー,False,True
005,リザード,ほのお,,もうか,,サンパワー,58,64,58,80,65,80,405,False,カントー,False,True
006,メガリザードンX,ほのお,ドラゴン,かたいツメ,,,78,130,111,130,85,100,634,True,カントー,True,False
006,メガリザードンY,ほのお,ひこう,ひでり,,,78,104,78,159,115,100,634,True,カントー,True,False
006,リザードン,ほのお,ひこう,もうか,,サンパワー,78,84,78,109,85,100,534,True,カントー,False,True
007,ゼニガメ,みず,,げきりゅう,,あめうけざら,44,48,65,50,64,43,314,False,カントー,False,False
008,カメール,みず,,げきりゅう,,あめうけざら,59,63,80,65,80,58,405,False,カントー,False,False
009,カメックス,みず,,げきりゅう,,あめうけざら,79,83,100,85,105,78,530,True,カントー,False,False
009,メガカメックス,みず,,メガランチャー,,,79,103,120,135,115,78,630,True,カントー,True,False
010,キャタピー,むし,,りんぷん,,にげあし,45,30,35,20,20,45,195,False,カントー,False,False
011,トランセル,むし,,だっぴ,,,50,20,55,25,25,30,205,False,カントー,False,False
012,バタフリー,むし,ひこう,ふくがん,,いろめがね,60,45,50,90,80,70,395,True,カントー,False,False
013,ビードル,むし,どく,りんぷん,,にげあし,40,35,30,20,20,50,195,False,カントー,False,False
014,コクーン,むし,どく,だっぴ,,,45,25,50,25,25,35,205,False,カントー,False,False
015,スピアー,むし,どく,むしのしらせ,,スナイパー,65,90,40,45,80,75,395,True,カントー,False,False
015,メガスピアー,むし,どく,てきおうりょく,,,65,150,40,15,80,145,495,True,カントー,True,False
016,ポッポ,ノーマル,ひこう,するどいめ,ちどりあし,はとむね,40,45,40,35,35,56,251,False,カントー,False,False
017,ピジョン,ノーマル,ひこう,するどいめ,ちどりあし,はとむね,63,60,55,50,50,71,349,False,カントー,False,False
018,ピジョット,ノーマル,ひこう,するどいめ,ちどりあし,はとむね,83,80,75,70,70,101,479,True,カントー,False,False
018,メガピジョット,ノーマル,ひこう,ノーガード,,,83,80,80,135,80,121,579,True,カントー,True,False
019,コラッタ(アローラのすがた),あく,ノーマル,くいしんぼう,はりきり,あついしぼう,30,56,35,25,35,72,253,False,アローラ,False,True
019,コラッタ,ノーマル,,にげあし,こんじょう,はりきり,30,56,35,25,35,72,253,False,カントー,False,True
020,ラッタ(アローラのすがた),あく,ノーマル,くいしんぼう,はりきり,あついしぼう,75,71,70,40,80,77,413,True,アローラ,False,False
020,ラッタ,ノーマル,,にげあし,こんじょう,はりきり,55,81,60,50,70,97,413,True,カントー,False,False
021,オニスズメ,ノーマル,ひこう,するどいめ,,スナイパー,40,60,30,31,31,70,262,False,カントー,False,False
022,オニドリル,ノーマル,ひこう,するどいめ,,スナイパー,65,90,65,61,61,100,442,True,カントー,False,False
023,アーボ,どく,,いかく,だっぴ,きんちょうかん,35,60,44,40,54,55,288,False,カントー,False,False
024,アーボック,どく,,いかく,だっぴ,きんちょうかん,60,95,69,65,79,80,448,True,カントー,False,False
025,ピカチュウ,でんき,,せいでんき,,ひらいしん,35,55,40,50,50,90,320,False,カントー,False,False
026,ライチュウ(アローラのすがた),でんき,エスパー,サーフテール,,,60,85,50,95,85,110,485,True,アローラ,False,False
026,ライチュウ,でんき,,せいでんき,,ひらいしん,60,90,55,90,80,110,485,True,カントー,False,False
027,サンド(アローラのすがた),こおり,はがね,ゆきがくれ,,ゆきかき,50,75,90,10,35,40,300,False,アローラ,False,False
027,サンド,じめん,,すながくれ,,すなかき,50,75,85,20,30,40,300,False,カントー,False,False
028,サンドパン(アローラのすがた),こおり,はがね,ゆきがくれ,,ゆきかき,75,100,120,25,65,65,450,True,アローラ,False,False
028,サンドパン,じめん,,すながくれ,,すなかき,75,100,110,45,55,65,450,True,カントー,False,False
029,ニドラン♀,どく,,どくのトゲ,とうそうしん,はりきり,55,47,52,40,40,41,275,False,カントー,False,False
030,ニドリーナ,どく,,どくのトゲ,とうそうしん,はりきり,70,62,67,55,55,56,365,False,カントー,False,False
031,ニドクイン,どく,じめん,どくのトゲ,とうそうしん,ちからずく,90,92,87,75,85,76,505,True,カントー,False,False
032,ニドラン♂,どく,,どくのトゲ,とうそうしん,はりきり,46,57,40,40,40,50,273,False,カントー,False,False
033,ニドリーノ,どく,,どくのトゲ,とうそうしん,はりきり,61,72,57,55,55,65,365,False,カントー,False,False
034,ニドキング,どく,じめん,どくのトゲ,とうそうしん,ちからずく,81,102,77,85,75,85,505,True,カントー,False,False
035,ピッピ,フェアリー,,メロメロボディ,マジックガード,フレンドガード,70,45,48,60,65,35,323,False,カントー,False,False
036,ピクシー,フェアリー,,メロメロボディ,マジックガード,てんねん,95,70,73,95,90,60,483,True,カントー,False,False
037,ロコン(アローラのすがた),こおり,,ゆきがくれ,,ゆきふらし,38,41,40,50,65,65,299,False,アローラ,False,True
037,ロコン,ほのお,,もらいび,,ひでり,38,41,40,50,65,65,299,False,カントー,False,True
038,キュウコン(アローラのすがた),こおり,フェアリー,ゆきがくれ,,ゆきふらし,73,67,75,81,100,109,505,True,アローラ,False,False
038,キュウコン,ほのお,,もらいび,,ひでり,73,76,75,81,100,100,505,True,カントー,False,False
039,プリン,ノーマル,フェアリー,メロメロボディ,かちき,フレンドガード,115,45,20,45,25,20,270,False,カントー,False,False
040,プクリン,ノーマル,フェアリー,メロメロボディ,かちき,おみとおし,140,70,45,85,50,45,435,True,カントー,False,False
041,ズバット,どく,ひこう,せいしんりょく,,すりぬけ,40,45,35,30,40,55,245,False,カントー,False,False
042,ゴルバット,どく,ひこう,せいしんりょく,,すりぬけ,75,80,70,65,75,90,455,False,カントー,False,False
043,ナゾノクサ,くさ,どく,ようりょくそ,,にげあし,45,50,55,75,65,30,320,False,カントー,False,False
044,クサイハナ,くさ,どく,ようりょくそ,,あくしゅう,60,65,70,85,75,40,395,False,カントー,False,False
045,ラフレシア,くさ,どく,ようりょくそ,,ほうし,75,80,85,110,90,50,490,True,カントー,False,False
046,パラス,むし,くさ,ほうし,かんそうはだ,しめりけ,35,70,55,45,55,25,285,False,カントー,False,False
047,パラセクト,むし,くさ,ほうし,かんそうはだ,しめりけ,60,95,80,60,80,30,405,True,カントー,False,False
048,コンパン,むし,どく,ふくがん,いろめがね,にげあし,60,55,50,40,55,45,305,False,カントー,False,False
049,モルフォン,むし,どく,りんぷん,いろめがね,ミラクルスキン,70,65,60,90,75,90,450,True,カントー,False,False
050,ディグダ(アローラのすがた),じめん,はがね,すながくれ,カーリーヘアー,すなのちから,10,55,30,35,45,90,265,False,アローラ,False,False
050,ディグダ,じめん,,すながくれ,ありじごく,すなのちから,10,55,25,35,45,95,265,False,カントー,False,False
051,ダグトリオ(アローラのすがた),じめん,はがね,すながくれ,カーリーヘアー,すなのちから,35,100,60,50,70,110,425,True,アローラ,False,False
051,ダグトリオ,じめん,,すながくれ,ありじごく,すなのちから,35,100,50,50,70,120,425,True,カントー,False,False
052,ニャース(アローラのすがた),あく,,ものひろい,テクニシャン,びびり,40,35,35,50,40,90,290,False,アローラ,False,False
052,ニャース(ガラルのすがた),はがね,,ものひろい,かたいツメ,きんちょうかん,50,65,55,40,40,40,290,False,ガラル,False,False
052,ニャース,ノーマル,,ものひろい,テクニシャン,きんちょうかん,40,45,35,40,40,90,290,False,カントー,False,False
053,ペルシアン(アローラのすがた),あく,,ファーコート,テクニシャン,びびり,65,60,60,75,65,115,440,True,アローラ,False,False
053,ペルシアン,ノーマル,,じゅうなん,テクニシャン,きんちょうかん,65,70,60,65,65,115,440,True,カントー,False,False
054,コダック,みず,,しめりけ,ノーてんき,すいすい,50,52,48,65,50,55,320,False,カントー,False,False
055,ゴルダック,みず,,しめりけ,ノーてんき,すいすい,80,82,78,95,80,85,500,True,カントー,False,False
056,マンキー,かくとう,,やるき,いかりのつぼ,まけんき,40,80,35,35,45,70,305,False,カントー,False,False
057,オコリザル,かくとう,,やるき,いかりのつぼ,まけんき,65,105,60,60,70,95,455,True,カントー,False,False
058,ガーディ,ほのお,,いかく,もらいび,せいぎのこころ,55,70,45,70,50,60,350,False,カントー,False,False
059,ウインディ,ほのお,,いかく,もらいび,せいぎのこころ,90,110,80,100,80,95,555,True,カントー,False,False
060,ニョロモ,みず,,ちょすい,しめりけ,すいすい,40,50,40,40,40,90,300,False,カントー,False,False
061,ニョロゾ,みず,,ちょすい,しめりけ,すいすい,65,65,65,50,50,90,385,False,カントー,False,False
062,ニョロボン,みず,かくとう,ちょすい,しめりけ,すいすい,90,95,95,70,90,70,510,True,カントー,False,False
063,ケーシィ,エスパー,,シンクロ,せいしんりょく,マジックガード,25,20,15,105,55,90,310,False,カントー,False,False
064,ユンゲラー,エスパー,,シンクロ,せいしんりょく,マジックガード,40,35,30,120,70,105,400,False,カントー,False,False
065,フーディン,エスパー,,シンクロ,せいしんりょく,マジックガード,55,50,45,135,95,120,500,True,カントー,False,False
065,メガフーディン,エスパー,,トレース,,,55,50,65,175,105,150,600,True,カントー,True,False
066,ワンリキー,かくとう,,こんじょう,ノーガード,ふくつのこころ,70,80,50,35,35,35,305,False,カントー,False,False
067,ゴーリキー,かくとう,,こんじょう,ノーガード,ふくつのこころ,80,100,70,50,60,45,405,False,カントー,False,False
068,カイリキー,かくとう,,こんじょう,ノーガード,ふくつのこころ,90,130,80,65,85,55,505,True,カントー,False,False
069,マダツボミ,くさ,どく,ようりょくそ,,くいしんぼう,50,75,35,70,30,40,300,False,カントー,False,False
070,ウツドン,くさ,どく,ようりょくそ,,くいしんぼう,65,90,50,85,45,55,390,False,カントー,False,False
071,ウツボット,くさ,どく,ようりょくそ,,くいしんぼう,80,105,65,100,70,70,490,True,カントー,False,False
072,メノクラゲ,みず,どく,クリアボディ,ヘドロえき,あめうけざら,40,40,35,50,100,70,335,False,カントー,False,False
073,ドククラゲ,みず,どく,クリアボディ,ヘドロえき,あめうけざら,80,70,65,80,120,100,515,True,カントー,False,False
074,イシツブテ(アローラのすがた),いわ,でんき,じりょく,がんじょう,エレキスキン,40,80,100,30,30,20,300,False,アローラ,False,True
074,イシツブテ,いわ,じめん,いしあたま,がんじょう,すながくれ,40,80,100,30,30,20,300,False,カントー,False,True
075,ゴローン(アローラのすがた),いわ,でんき,じりょく,がんじょう,エレキスキン,55,95,115,45,45,35,390,False,アローラ,False,True
075,ゴローン,いわ,じめん,いしあたま,がんじょう,すながくれ,55,95,115,45,45,35,390,False,カントー,False,True
076,ゴローニャ(アローラのすがた),いわ,でんき,じりょく,がんじょう,エレキスキン,80,120,130,55,65,45,495,True,アローラ,False,True
076,ゴローニャ,いわ,じめん,いしあたま,がんじょう,すながくれ,80,120,130,55,65,45,495,True,カントー,False,True
077,ポニータ(ガラルのすがた),エスパー,,にげあし,パステルベール,きけんよち,50,85,55,65,65,90,410,False,ガラル,False,True
077,ポニータ,ほのお,,にげあし,もらいび,ほのおのからだ,50,85,55,65,65,90,410,False,カントー,False,True
078,ギャロップ(ガラルのすがた),エスパー,フェアリー,にげあし,パステルベール,きけんよち,65,100,70,80,80,105,500,True,ガラル,False,True
078,ギャロップ,ほのお,,にげあし,もらいび,ほのおのからだ,65,100,70,80,80,105,500,True,カントー,False,True
079,ヤドン(ガラルのすがた),エスパー,,くいしんぼう,マイペース,さいせいりょく,90,65,65,40,40,15,315,False,ガラル,False,True
079,ヤドン,みず,エスパー,どんかん,マイペース,さいせいりょく,90,65,65,40,40,15,315,False,カントー,False,True
080,メガヤドラン,みず,エスパー,シェルアーマー,,,95,75,180,130,80,30,590,True,カントー,True,False
080,ヤドラン(ガラルのすがた),どく,エスパー,クイックドロウ,マイペース,さいせいりょく,95,100,95,100,70,30,490,True,ガラル,False,False
080,ヤドラン,みず,エスパー,どんかん,マイペース,さいせいりょく,95,75,110,100,80,30,490,True,カントー,False,False
081,コイル,でんき,はがね,じりょく,がんじょう,アナライズ,25,35,70,95,55,45,325,False,カントー,False,False
082,レアコイル,でんき,はがね,じりょく,がんじょう,アナライズ,50,60,95,120,70,70,465,False,カントー,False,False
083,カモネギ(ガラルのすがた),かくとう,,ふくつのこころ,,きもったま,52,95,55,58,62,55,377,False,ガラル,False,False
083,カモネギ,ノーマル,ひこう,するどいめ,せいしんりょく,まけんき,52,90,55,58,62,60,377,True,カントー,False,False
084,ドードー,ノーマル,ひこう,にげあし,はやおき,ちどりあし,35,85,45,35,35,75,310,False,カントー,False,False
085,ドードリオ,ノーマル,ひこう,にげあし,はやおき,ちどりあし,60,110,70,60,60,110,470,True,カントー,False,False
086,パウワウ,みず,,あついしぼう,うるおいボディ,アイスボディ,65,45,55,45,70,45,325,False,カントー,False,False
087,ジュゴン,みず,こおり,あついしぼう,うるおいボディ,アイスボディ,90,70,80,70,95,70,475,True,カントー,False,False
088,ベトベター(アローラのすがた),どく,あく,どくしゅ,くいしんぼう,かがくのちから,80,80,50,40,50,25,325,False,アローラ,False,True
088,ベトベター,どく,,あくしゅう,ねんちゃく,どくしゅ,80,80,50,40,50,25,325,False,カントー,False,True
089,ベトベトン(アローラのすがた),どく,あく,どくしゅ,くいしんぼう,かがくのちから,105,105,75,65,100,50,500,True,アローラ,False,True
089,ベトベトン,どく,,あくしゅう,ねんちゃく,どくしゅ,105,105,75,65,100,50,500,True,カントー,False,True
090,シェルダー,みず,,シェルアーマー,スキルリンク,ぼうじん,30,65,100,45,25,40,305,False,カントー,False,False
091,パルシェン,みず,こおり,シェルアーマー,スキルリンク,ぼうじん,50,95,180,85,45,70,525,True,カントー,False,False
092,ゴース,ゴースト,どく,ふゆう,,,30,35,30,100,35,80,310,False,カントー,False,False
093,ゴースト,ゴースト,どく,ふゆう,,,45,50,45,115,55,95,405,False,カントー,False,False
094,ゲンガー,ゴースト,どく,のろわれボディ,,,60,65,60,130,75,110,500,True,カントー,False,False
094,メガゲンガー,ゴースト,どく,かげふみ,,,60,65,80,170,95,130,600,True,カントー,True,False
095,イワーク,いわ,じめん,いしあたま,がんじょう,くだけるよろい,35,45,160,30,45,70,385,False,カントー,False,False
096,スリープ,エスパー,,ふみん,よちむ,せいしんりょく,60,48,45,43,90,42,328,False,カントー,False,False
097,スリーパー,エスパー,,ふみん,よちむ,せいしんりょく,85,73,70,73,115,67,483,True,カントー,False,False
098,クラブ,みず,,かいりきバサミ,シェルアーマー,ちからずく,30,105,90,25,25,50,325,False,カントー,False,False
099,キングラー,みず,,かいりきバサミ,シェルアーマー,ちからずく,55,130,115,50,50,75,475,True,カントー,False,False
100,ビリリダマ,でんき,,ぼうおん,せいでんき,ゆうばく,40,30,50,55,55,100,330,False,カントー,False,False
101,マルマイン,でんき,,ぼうおん,せいでんき,ゆうばく,60,50,70,80,80,150,490,True,カントー,False,False
102,タマタマ,くさ,エスパー,ようりょくそ,,しゅうかく,60,40,80,60,45,40,325,False,カントー,False,False
103,ナッシー(アローラのすがた),くさ,ドラゴン,おみとおし,,しゅうかく,95,105,85,125,75,45,530,True,アローラ,False,False
103,ナッシー,くさ,エスパー,ようりょくそ,,しゅうかく,95,95,85,125,75,55,530,True,カントー,False,False
104,カラカラ,じめん,,いしあたま,ひらいしん,カブトアーマー,50,50,95,40,50,35,320,False,カントー,False,False
105,ガラガラ(アローラのすがた),ほのお,ゴースト,のろわれボディ,ひらいしん,いしあたま,60,80,110,50,80,45,425,True,アローラ,False,True
105,ガラガラ,じめん,,いしあたま,ひらいしん,カブトアーマー,60,80,110,50,80,45,425,True,カントー,False,True
106,サワムラー,かくとう,,じゅうなん,すてみ,かるわざ,50,120,53,35,110,87,455,True,カントー,False,False
107,エビワラー,かくとう,,するどいめ,てつのこぶし,せいしんりょく,50,105,79,35,110,76,455,True,カントー,False,False
108,ベロリンガ,ノーマル,,マイペース,どんかん,ノーてんき,90,55,75,60,75,30,385,False,カントー,False,False
109,ドガース,どく,,ふゆう,かがくへんかガス,あくしゅう,40,65,95,60,45,35,340,False,カントー,False,False
110,マタドガス(ガラルのすがた),どく,フェアリー,ふゆう,かがくへんかガス,ミストメイカー,65,90,120,85,70,60,490,True,ガラル,False,True
110,マタドガス,どく,,ふゆう,かがくへんかガス,あくしゅう,65,90,120,85,70,60,490,True,カントー,False,True
111,サイホーン,じめん,いわ,ひらいしん,いしあたま,すてみ,80,85,95,30,30,25,345,False,カントー,False,False
112,サイドン,じめん,いわ,ひらいしん,いしあたま,すてみ,105,130,120,45,45,40,485,False,カントー,False,False
113,ラッキー,ノーマル,,しぜんかいふく,てんのめぐみ,いやしのこころ,250,5,5,35,105,50,450,False,カントー,False,False
114,モンジャラ,くさ,,ようりょくそ,リーフガード,さいせいりょく,65,55,115,100,40,60,435,False,カントー,False,False
115,ガルーラ,ノーマル,,はやおき,きもったま,せいしんりょく,105,95,80,40,80,90,490,True,カントー,False,False
115,メガガルーラ,ノーマル,,おやこあい,,,105,125,100,60,100,100,590,True,カントー,True,False
116,タッツー,みず,,すいすい,スナイパー,しめりけ,30,40,70,70,25,60,295,False,カントー,False,False
117,シードラ,みず,,どくのトゲ,スナイパー,しめりけ,55,65,95,95,45,85,440,False,カントー,False,False
118,トサキント,みず,,すいすい,みずのベール,ひらいしん,45,67,60,35,50,63,320,False,カントー,False,False
119,アズマオウ,みず,,すいすい,みずのベール,ひらいしん,80,92,65,65,80,68,450,True,カントー,False,False
120,ヒトデマン,みず,,はっこう,しぜんかいふく,アナライズ,30,45,55,70,55,85,340,False,カントー,False,False
121,スターミー,みず,エスパー,はっこう,しぜんかいふく,アナライズ,60,75,85,100,85,115,520,True,カントー,False,False
122,バリヤード(ガラルのすがた),こおり,エスパー,やるき,バリアフリー,アイスボディ,50,65,65,90,90,100,460,False,ガラル,False,False
122,バリヤード,エスパー,フェアリー,ぼうおん,フィルター,テクニシャン,40,45,65,100,120,90,460,False,カントー,False,False
123,ストライク,むし,ひこう,むしのしらせ,テクニシャン,ふくつのこころ,70,110,80,55,80,105,500,False,カントー,False,False
124,ルージュラ,こおり,エスパー,どんかん,よちむ,かんそうはだ,65,50,35,115,95,95,455,True,カントー,False,False
125,エレブー,でんき,,せいでんき,,やるき,65,83,57,95,85,105,490,False,カントー,False,False
126,ブーバー,ほのお,,ほのおのからだ,,やるき,65,95,57,100,85,93,495,False,カントー,False,False
127,カイロス,むし,,かいりきバサミ,かたやぶり,じしんかじょう,65,125,100,55,70,85,500,True,カントー,False,False
127,メガカイロス,むし,ひこう,スカイスキン,,,65,155,120,65,90,105,600,True,カントー,True,False
128,ケンタロス,ノーマル,,いかく,いかりのつぼ,ちからずく,75,100,95,40,70,110,490,True,カントー,False,False
129,コイキング,みず,,すいすい,,びびり,20,10,55,15,20,80,200,False,カントー,False,False
130,ギャラドス,みず,ひこう,いかく,,じしんかじょう,95,125,79,60,100,81,540,True,カントー,False,False
130,メガギャラドス,みず,あく,かたやぶり,,,95,155,109,70,130,81,640,True,カントー,True,False
131,ラプラス,みず,こおり,ちょすい,シェルアーマー,うるおいボディ,130,85,80,85,95,60,535,True,カントー,False,False
132,メタモン,ノーマル,,じゅうなん,,かわりもの,48,48,48,48,48,48,288,True,カントー,False,False
133,イーブイ,ノーマル,,にげあし,てきおうりょく,きけんよち,55,55,50,45,65,55,325,False,カントー,False,False
134,シャワーズ,みず,,ちょすい,,うるおいボディ,130,65,60,110,95,65,525,True,カントー,False,False
135,サンダース,でんき,,ちくでん,,はやあし,65,65,60,110,95,130,525,True,カントー,False,False
136,ブースター,ほのお,,もらいび,,こんじょう,65,130,60,95,110,65,525,True,カントー,False,False
137,ポリゴン,ノーマル,,トレース,ダウンロード,アナライズ,65,60,70,85,75,40,395,False,カントー,False,False
138,オムナイト,いわ,みず,すいすい,シェルアーマー,くだけるよろい,35,40,100,90,55,35,355,False,カントー,False,False
139,オムスター,いわ,みず,すいすい,シェルアーマー,くだけるよろい,70,60,125,115,70,55,495,True,カントー,False,False
140,カブト,いわ,みず,すいすい,カブトアーマー,くだけるよろい,30,80,90,55,45,55,355,False,カントー,False,False
141,カブトプス,いわ,みず,すいすい,カブトアーマー,くだけるよろい,60,115,105,65,70,80,495,True,カントー,False,False
142,プテラ,いわ,ひこう,いしあたま,プレッシャー,きんちょうかん,80,105,65,60,75,130,515,True,カントー,False,False
142,メガプテラ,いわ,ひこう,かたいツメ,,,80,135,85,70,95,150,615,True,カントー,True,False
143,カビゴン,ノーマル,,めんえき,あついしぼう,くいしんぼう,160,110,65,65,110,30,540,True,カントー,False,False
144,フリーザー(ガラルのすがた),エスパー,ひこう,かちき,,,90,85,85,125,100,95,580,True,ガラル,False,False
144,フリーザー,こおり,ひこう,プレッシャー,,ゆきがくれ,90,85,100,95,125,85,580,True,カントー,False,False
145,サンダー(ガラルのすがた),かくとう,ひこう,まけんき,,,90,125,90,85,90,100,580,True,ガラル,False,False
145,サンダー,でんき,ひこう,プレッシャー,,せいでんき,90,90,85,125,90,100,580,True,カントー,False,False
146,ファイヤー(ガラルのすがた),あく,ひこう,ぎゃくじょう,,,90,85,90,100,125,90,580,True,ガラル,False,False
146,ファイヤー,ほのお,ひこう,プレッシャー,,ほのおのからだ,90,100,90,125,85,90,580,True,カントー,False,False
147,ミニリュウ,ドラゴン,,だっぴ,,ふしぎなうろこ,41,64,45,50,50,50,300,False,カントー,False,False
148,ハクリュー,ドラゴン,,だっぴ,,ふしぎなうろこ,61,84,65,70,70,70,420,False,カントー,False,False
149,カイリュー,ドラゴン,ひこう,せいしんりょく,,マルチスケイル,91,134,95,100,100,80,600,True,カントー,False,False
150,ミュウツー,エスパー,,プレッシャー,,きんちょうかん,106,110,90,154,90,130,680,True,カントー,False,False
150,メガミュウツーX,エスパー,かくとう,ふくつのこころ,,,106,190,100,154,100,130,780,True,カントー,True,False
150,メガミュウツーY,エスパー,,ふみん,,,106,150,70,194,120,140,780,True,カントー,True,False
151,ミュウ,エスパー,,シンクロ,,,100,100,100,100,100,100,600,True,カントー,False,True
152,チコリータ,くさ,,しんりょく,,リーフガード,45,49,65,49,65,45,318,False,ジョウト,False,False
153,ベイリーフ,くさ,,しんりょく,,リーフガード,60,62,80,63,80,60,405,False,ジョウト,False,False
154,メガニウム,くさ,,しんりょく,,リーフガード,80,82,100,83,100,80,525,True,ジョウト,True,False
155,ヒノアラシ,ほのお,,もうか,,もらいび,39,52,43,60,50,65,309,False,ジョウト,False,True
156,マグマラシ,ほのお,,もうか,,もらいび,58,64,58,80,65,80,405,False,ジョウト,False,True
157,バクフーン,ほのお,,もうか,,もらいび,78,84,78,109,85,100,534,True,ジョウト,False,True
158,ワニノコ,みず,,げきりゅう,,ちからずく,50,65,64,44,48,43,314,False,ジョウト,False,False
159,アリゲイツ,みず,,げきりゅう,,ちからずく,65,80,80,59,63,58,405,False,ジョウト,False,False
160,オーダイル,みず,,げきりゅう,,ちからずく,85,105,100,79,83,78,530,True,ジョウト,False,False
161,オタチ,ノーマル,,にげあし,するどいめ,おみとおし,35,46,34,35,45,20,215,False,ジョウト,False,False
162,オオタチ,ノーマル,,にげあし,するどいめ,おみとおし,85,76,64,45,55,90,415,True,ジョウト,False,False
163,ホーホー,ノーマル,ひこう,ふみん,するどいめ,いろめがね,60,30,30,36,56,50,262,False,ジョウト,False,False
164,ヨルノズク,ノーマル,ひこう,ふみん,するどいめ,いろめがね,100,50,50,86,96,70,452,True,ジョウト,False,False
165,レディバ,むし,ひこう,むしのしらせ,はやおき,びびり,40,20,30,40,80,55,265,False,ジョウト,False,False
166,レディアン,むし,ひこう,むしのしらせ,はやおき,てつのこぶし,55,35,50,55,110,85,390,True,ジョウト,False,False
167,イトマル,むし,どく,むしのしらせ,ふみん,スナイパー,40,60,40,40,40,30,250,False,ジョウト,False,False
168,アリアドス,むし,どく,むしのしらせ,ふみん,スナイパー,70,90,70,60,70,40,400,True,ジョウト,False,False
169,クロバット,どく,ひこう,せいしんりょく,,すりぬけ,85,90,80,70,80,130,535,True,ジョウト,False,False
170,チョンチー,みず,でんき,ちくでん,はっこう,ちょすい,75,38,38,56,56,67,330,False,ジョウト,False,False
171,ランターン,みず,でんき,ちくでん,はっこう,ちょすい,125,58,58,76,76,67,460,True,ジョウト,False,False
172,ピチュー,でんき,,せいでんき,,ひらいしん,20,40,15,35,35,60,205,False,ジョウト,False,False
173,ピィ,フェアリー,,メロメロボディ,マジックガード,フレンドガード,50,25,28,45,55,15,218,False,ジョウト,False,False
174,ププリン,ノーマル,フェアリー,メロメロボディ,かちき,フレンドガード,90,30,15,40,20,15,210,False,ジョウト,False,False
175,トゲピー,フェアリー,,はりきり,てんのめぐみ,きょううん,35,20,65,40,65,20,245,False,ジョウト,False,False
176,トゲチック,フェアリー,ひこう,はりきり,てんのめぐみ,きょううん,55,40,85,80,105,40,405,False,ジョウト,False,False
177,ネイティ,エスパー,ひこう,シンクロ,はやおき,マジックミラー,40,50,45,70,45,70,320,False,ジョウト,False,False
178,ネイティオ,エスパー,ひこう,シンクロ,はやおき,マジックミラー,65,75,70,95,70,95,470,True,ジョウト,False,False
179,メリープ,でんき,,せいでんき,,プラス,55,40,40,65,45,35,280,False,ジョウト,False,False
180,モココ,でんき,,せいでんき,,プラス,70,55,55,80,60,45,365,False,ジョウト,False,False
181,デンリュウ,でんき,,せいでんき,,プラス,90,75,85,115,90,55,510,True,ジョウト,False,False
181,メガデンリュウ,でんき,ドラゴン,かたやぶり,,,90,95,105,165,110,45,610,True,ジョウト,True,False
182,キレイハナ,くさ,,ようりょくそ,,いやしのこころ,75,80,95,90,100,50,490,True,ジョウト,False,False
183,マリル,みず,フェアリー,あついしぼう,ちからもち,そうしょく,70,20,50,20,50,40,250,False,ジョウト,False,False
184,マリルリ,みず,フェアリー,あついしぼう,ちからもち,そうしょく,100,50,80,60,80,50,420,True,ジョウト,False,False
185,ウソッキー,いわ,,がんじょう,いしあたま,びびり,70,100,115,30,65,30,410,True,ジョウト,False,False
186,ニョロトノ,みず,,ちょすい,しめりけ,あめふらし,90,75,75,90,100,70,500,True,ジョウト,False,False
187,ハネッコ,くさ,ひこう,ようりょくそ,リーフガード,すりぬけ,35,35,40,35,55,50,250,False,ジョウト,False,False
188,ポポッコ,くさ,ひこう,ようりょくそ,リーフガード,すりぬけ,55,45,50,45,65,80,340,False,ジョウト,False,False
189,ワタッコ,くさ,ひこう,ようりょくそ,リーフガード,すりぬけ,75,55,70,55,95,110,460,True,ジョウト,False,False
190,エイパム,ノーマル,,にげあし,ものひろい,スキルリンク,55,70,55,40,55,85,360,False,ジョウト,False,False
191,ヒマナッツ,くさ,,ようりょくそ,サンパワー,はやおき,30,30,30,30,30,30,180,False,ジョウト,False,False
192,キマワリ,くさ,,ようりょくそ,サンパワー,はやおき,75,75,55,105,85,30,425,True,ジョウト,False,False
193,ヤンヤンマ,むし,ひこう,かそく,ふくがん,おみとおし,65,65,45,75,45,95,390,False,ジョウト,False,False
194,ウパー,みず,じめん,しめりけ,ちょすい,てんねん,55,45,45,25,25,15,210,False,ジョウト,False,False
195,ヌオー,みず,じめん,しめりけ,ちょすい,てんねん,95,85,85,65,65,35,430,True,ジョウト,False,False
196,エーフィ,エスパー,,シンクロ,,マジックミラー,65,65,60,130,95,110,525,True,ジョウト,False,False
197,ブラッキー,あく,,シンクロ,,せいしんりょく,95,65,110,60,130,65,525,True,ジョウト,False,False
198,ヤミカラス,あく,ひこう,ふみん,きょううん,いたずらごころ,60,85,42,85,42,91,405,False,ジョウト,False,False
199,ヤドキング(ガラルのすがた),どく,エスパー,きみょうなくすり,マイペース,さいせいりょく,95,65,80,110,110,30,490,True,ガラル,False,False
199,ヤドキング,みず,エスパー,どんかん,マイペース,さいせいりょく,95,75,80,100,110,30,490,True,ジョウト,False,False
200,ムウマ,ゴースト,,ふゆう,,,60,60,60,85,85,85,435,False,ジョウト,False,False
201,アンノーン,エスパー,,ふゆう,,,48,72,48,72,48,48,336,True,ジョウト,False,False
202,ソーナンス,エスパー,,かげふみ,,テレパシー,190,33,58,33,58,33,405,True,ジョウト,False,False
203,キリンリキ,ノーマル,エスパー,せいしんりょく,はやおき,そうしょく,70,80,65,90,65,85,455,True,ジョウト,False,False
204,クヌギダマ,むし,,がんじょう,,ぼうじん,50,65,90,35,35,15,290,False,ジョウト,False,False
205,フォレトス,むし,はがね,がんじょう,,ぼうじん,75,90,140,60,60,40,465,True,ジョウト,False,False
206,ノコッチ,ノーマル,,てんのめぐみ,にげあし,びびり,100,70,70,65,65,45,415,True,ジョウト,False,False
207,グライガー,じめん,ひこう,かいりきバサミ,すながくれ,めんえき,65,75,105,35,65,85,430,False,ジョウト,False,False
208,ハガネール,はがね,じめん,いしあたま,がんじょう,ちからずく,75,85,200,55,65,30,510,True,ジョウト,False,False
208,メガハガネール,はがね,じめん,すなのちから,,,75,125,230,55,95,30,610,True,ジョウト,True,False
209,ブルー,フェアリー,,いかく,にげあし,びびり,60,80,50,40,40,30,300,False,ジョウト,False,False
210,グランブル,フェアリー,,いかく,はやあし,びびり,90,120,75,60,60,45,450,True,ジョウト,False,False
211,ハリーセン,みず,どく,どくのトゲ,すいすい,いかく,65,95,85,55,55,85,440,True,ジョウト,False,False
212,ハッサム,むし,はがね,むしのしらせ,テクニシャン,ライトメタル,70,130,100,55,80,65,500,True,ジョウト,False,False
212,メガハッサム,むし,はがね,テクニシャン,,,70,150,140,65,100,75,600,True,ジョウト,True,False
213,ツボツボ,むし,いわ,がんじょう,くいしんぼう,あまのじゃく,20,10,230,10,230,5,505,True,ジョウト,False,False
214,ヘラクロス,むし,かくとう,むしのしらせ,こんじょう,じしんかじょう,80,125,75,40,95,85,500,True,ジョウト,False,False
214,メガヘラクロス,むし,かくとう,スキルリンク,,,80,185,115,40,105,75,600,True,ジョウト,True,False
215,ニューラ,あく,こおり,せいしんりょく,するどいめ,わるいてぐせ,55,95,55,35,75,115,430,False,ジョウト,False,False
216,ヒメグマ,ノーマル,,ものひろい,はやあし,みつあつめ,60,80,50,50,50,40,330,False,ジョウト,False,False
217,リングマ,ノーマル,,こんじょう,はやあし,きんちょうかん,90,130,75,75,75,55,500,True,ジョウト,False,False
218,マグマッグ,ほのお,,マグマのよろい,ほのおのからだ,くだけるよろい,40,40,40,70,40,20,250,False,ジョウト,False,False
219,マグカルゴ,ほのお,いわ,マグマのよろい,ほのおのからだ,くだけるよろい,60,50,120,90,80,30,430,True,ジョウト,False,False
220,ウリムー,こおり,じめん,どんかん,ゆきがくれ,あついしぼう,50,50,40,30,30,50,250,False,ジョウト,False,False
221,イノムー,こおり,じめん,どんかん,ゆきがくれ,あついしぼう,100,100,80,60,60,50,450,False,ジョウト,False,False
222,サニーゴ(ガラルのすがた),ゴースト,,くだけるよろい,,のろわれボディ,60,55,100,65,100,30,410,False,ガラル,False,False
222,サニーゴ,みず,いわ,はりきり,しぜんかいふく,さいせいりょく,65,55,95,65,95,35,410,True,ジョウト,False,False
223,テッポウオ,みず,,はりきり,スナイパー,ムラっけ,35,65,35,65,35,65,300,False,ジョウト,False,False
224,オクタン,みず,,きゅうばん,スナイパー,ムラっけ,75,105,75,105,75,45,480,True,ジョウト,False,False
225,デリバード,こおり,ひこう,やるき,はりきり,ふみん,45,55,45,65,45,75,330,True,ジョウト,False,False
226,マンタイン,みず,ひこう,すいすい,ちょすい,みずのベール,85,40,70,80,140,70,485,True,ジョウト,False,False
227,エアームド,はがね,ひこう,するどいめ,がんじょう,くだけるよろい,65,80,140,40,70,70,465,True,ジョウト,False,False
228,デルビル,あく,ほのお,はやおき,もらいび,きんちょうかん,45,60,30,80,50,65,330,False,ジョウト,False,False
229,ヘルガー,あく,ほのお,はやおき,もらいび,きんちょうかん,75,90,50,110,80,95,500,True,ジョウト,False,False
229,メガヘルガー,あく,ほのお,サンパワー,,,75,90,90,140,90,115,600,True,ジョウト,True,False
230,キングドラ,みず,ドラゴン,すいすい,スナイパー,しめりけ,75,95,95,95,95,85,540,True,ジョウト,False,False
231,ゴマゾウ,じめん,,ものひろい,,すながくれ,90,60,60,40,40,40,330,False,ジョウト,False,False
232,ドンファン,じめん,,がんじょう,,すながくれ,90,120,120,60,60,50,500,True,ジョウト,False,False
233,ポリゴン2,ノーマル,,トレース,ダウンロード,アナライズ,85,80,90,105,95,60,515,False,ジョウト,False,False
234,オドシシ,ノーマル,,いかく,おみとおし,そうしょく,73,95,62,85,65,85,465,True,ジョウト,False,False
235,ドーブル,ノーマル,,マイペース,テクニシャン,ムラっけ,55,20,35,20,45,75,250,True,ジョウト,False,False
236,バルキー,かくとう,,こんじょう,ふくつのこころ,やるき,35,35,35,35,35,35,210,False,ジョウト,False,False
237,カポエラー,かくとう,,いかく,テクニシャン,ふくつのこころ,50,95,95,35,110,70,455,True,ジョウト,False,False
238,ムチュール,こおり,エスパー,どんかん,よちむ,うるおいボディ,45,30,15,85,65,65,305,False,ジョウト,False,False
239,エレキッド,でんき,,せいでんき,,やるき,45,63,37,65,55,95,360,False,ジョウト,False,False
240,ブビィ,ほのお,,ほのおのからだ,,やるき,45,75,37,70,55,83,365,False,ジョウト,False,False
241,ミルタンク,ノーマル,,あついしぼう,きもったま,そうしょく,95,80,105,40,70,100,490,True,ジョウト,False,False
242,ハピナス,ノーマル,,しぜんかいふく,てんのめぐみ,いやしのこころ,255,10,10,75,135,55,540,True,ジョウト,False,False
243,ライコウ,でんき,,プレッシャー,,せいしんりょく,90,85,75,115,100,115,580,True,ジョウト,False,False
244,エンテイ,ほのお,,プレッシャー,,せいしんりょく,115,115,85,90,75,100,580,True,ジョウト,False,False
245,スイクン,みず,,プレッシャー,,せいしんりょく,100,75,115,90,115,85,580,True,ジョウト,False,False
246,ヨーギラス,いわ,じめん,こんじょう,,すながくれ,50,64,50,45,50,41,300,False,ジョウト,False,False
247,サナギラス,いわ,じめん,だっぴ,,,70,84,70,65,70,51,410,False,ジョウト,False,False
248,バンギラス,いわ,あく,すなおこし,,きんちょうかん,100,134,110,95,100,61,600,True,ジョウト,False,False
248,メガバンギラス,いわ,あく,すなおこし,,,100,164,150,95,120,71,700,True,ジョウト,True,False
249,ルギア,エスパー,ひこう,プレッシャー,,マルチスケイル,106,90,130,90,154,110,680,True,ジョウト,False,False
250,ホウオウ,ほのお,ひこう,プレッシャー,,さいせいりょく,106,130,90,110,154,90,680,True,ジョウト,False,False
251,セレビィ,エスパー,くさ,しぜんかいふく,,,100,100,100,100,100,100,600,True,ジョウト,False,True
252,キモリ,くさ,,しんりょく,,かるわざ,40,45,35,65,55,70,310,False,ホウエン,False,False
253,ジュプトル,くさ,,しんりょく,,かるわざ,50,65,45,85,65,95,405,False,ホウエン,False,False
254,ジュカイン,くさ,,しんりょく,,かるわざ,70,85,65,105,85,120,530,True,ホウエン,False,False
254,メガジュカイン,くさ,ドラゴン,ひらいしん,,,70,110,75,145,85,145,630,True,ホウエン,True,False
255,アチャモ,ほのお,,もうか,,かそく,45,60,40,70,50,45,310,False,ホウエン,False,False
256,ワカシャモ,ほのお,かくとう,もうか,,かそく,60,85,60,85,60,55,405,False,ホウエン,False,False
257,バシャーモ,ほのお,かくとう,もうか,,かそく,80,120,70,110,70,80,530,True,ホウエン,False,False
257,メガバシャーモ,ほのお,かくとう,かそく,,,80,160,80,130,80,100,630,True,ホウエン,True,False
258,ミズゴロウ,みず,,げきりゅう,,しめりけ,50,70,50,50,50,40,310,False,ホウエン,False,False
259,ヌマクロー,みず,じめん,げきりゅう,,しめりけ,70,85,70,60,70,50,405,False,ホウエン,False,False
260,メガラグラージ,みず,じめん,すいすい,,,100,150,110,95,110,70,635,True,ホウエン,True,False
260,ラグラージ,みず,じめん,げきりゅう,,しめりけ,100,110,90,85,90,60,535,True,ホウエン,False,False
261,ポチエナ,あく,,にげあし,はやあし,びびり,35,55,35,30,30,35,220,False,ホウエン,False,False
262,グラエナ,あく,,いかく,はやあし,じしんかじょう,70,90,70,60,60,70,420,True,ホウエン,False,False
263,ジグザグマ(ガラルのすがた),あく,ノーマル,ものひろい,くいしんぼう,はやあし,38,30,41,30,41,60,240,False,ガラル,False,True
263,ジグザグマ,ノーマル,,ものひろい,くいしんぼう,はやあし,38,30,41,30,41,60,240,False,ホウエン,False,True
264,マッスグマ(ガラルのすがた),あく,ノーマル,ものひろい,くいしんぼう,はやあし,78,70,61,50,61,100,420,False,ガラル,False,True
264,マッスグマ,ノーマル,,ものひろい,くいしんぼう,はやあし,78,70,61,50,61,100,420,True,ホウエン,False,True
265,ケムッソ,むし,,りんぷん,,にげあし,45,45,35,20,30,20,195,False,ホウエン,False,False
266,カラサリス,むし,,だっぴ,,,50,35,55,25,25,15,205,False,ホウエン,False,True
267,アゲハント,むし,ひこう,むしのしらせ,,とうそうしん,60,70,50,100,50,65,395,True,ホウエン,False,False
268,マユルド,むし,,だっぴ,,,50,35,55,25,25,15,205,False,ホウエン,False,True
269,ドクケイル,むし,どく,りんぷん,,ふくがん,60,50,70,50,90,65,385,True,ホウエン,False,False
270,ハスボー,みず,くさ,すいすい,あめうけざら,マイペース,40,30,30,40,50,30,220,False,ホウエン,False,False
271,ハスブレロ,みず,くさ,すいすい,あめうけざら,マイペース,60,50,50,60,70,50,340,False,ホウエン,False,False
272,ルンパッパ,みず,くさ,すいすい,あめうけざら,マイペース,80,70,70,90,100,70,480,True,ホウエン,False,False
273,タネボー,くさ,,ようりょくそ,はやおき,わるいてぐせ,40,40,50,30,30,30,220,False,ホウエン,False,False
274,コノハナ,くさ,あく,ようりょくそ,はやおき,わるいてぐせ,70,70,40,60,40,60,340,False,ホウエン,False,False
275,ダーテング,くさ,あく,ようりょくそ,はやおき,わるいてぐせ,90,100,60,90,60,80,480,True,ホウエン,False,False
276,スバメ,ノーマル,ひこう,こんじょう,,きもったま,40,55,30,30,30,85,270,False,ホウエン,False,False
277,オオスバメ,ノーマル,ひこう,こんじょう,,きもったま,60,85,60,75,50,125,455,True,ホウエン,False,False
278,キャモメ,みず,ひこう,するどいめ,うるおいボディ,あめうけざら,40,30,30,55,30,85,270,False,ホウエン,False,False
279,ペリッパー,みず,ひこう,するどいめ,あめふらし,あめうけざら,60,50,100,95,70,65,440,True,ホウエン,False,False
280,ラルトス,エスパー,フェアリー,シンクロ,トレース,テレパシー,28,25,25,45,35,40,198,False,ホウエン,False,False
281,キルリア,エスパー,フェアリー,シンクロ,トレース,テレパシー,38,35,35,65,55,50,278,False,ホウエン,False,False
282,サーナイト,エスパー,フェアリー,シンクロ,トレース,テレパシー,68,65,65,125,115,80,518,True,ホウエン,False,False
282,メガサーナイト,エスパー,フェアリー,フェアリースキン,,,68,85,65,165,135,100,618,True,ホウエン,True,False
283,アメタマ,むし,みず,すいすい,,あめうけざら,40,30,32,50,52,65,269,False,ホウエン,False,False
284,アメモース,むし,ひこう,いかく,,きんちょうかん,70,60,62,100,82,80,454,True,ホウエン,False,False
285,キノココ,くさ,,ほうし,ポイズンヒール,はやあし,60,40,60,40,60,35,295,False,ホウエン,False,False
286,キノガッサ,くさ,かくとう,ほうし,ポイズンヒール,テクニシャン,60,130,80,60,60,70,460,True,ホウエン,False,False
287,ナマケロ,ノーマル,,なまけ,,,60,60,60,35,35,30,280,False,ホウエン,False,False
288,ヤルキモノ,ノーマル,,やるき,,,80,80,80,55,55,90,440,False,ホウエン,False,False
289,ケッキング,ノーマル,,なまけ,,,150,160,100,95,65,100,670,True,ホウエン,False,False
290,ツチニン,むし,じめん,ふくがん,,にげあし,31,45,90,30,30,40,266,False,ホウエン,False,False
291,テッカニン,むし,ひこう,かそく,,すりぬけ,61,90,45,50,50,160,456,True,ホウエン,False,False
292,ヌケニン,むし,ゴースト,ふしぎなまもり,,,1,90,45,30,30,40,236,True,ホウエン,False,False
293,ゴニョニョ,ノーマル,,ぼうおん,,びびり,64,51,23,51,23,28,240,False,ホウエン,False,False
294,ドゴーム,ノーマル,,ぼうおん,,きもったま,84,71,43,71,43,48,360,False,ホウエン,False,False
295,バクオング,ノーマル,,ぼうおん,,きもったま,104,91,63,91,73,68,490,True,ホウエン,False,False
296,マクノシタ,かくとう,,あついしぼう,こんじょう,ちからずく,72,60,30,20,30,25,237,False,ホウエン,False,False
297,ハリテヤマ,かくとう,,あついしぼう,こんじょう,ちからずく,144,120,60,40,60,50,474,True,ホウエン,False,False
298,ルリリ,ノーマル,フェアリー,あついしぼう,ちからもち,そうしょく,50,20,40,20,40,20,190,False,ホウエン,False,False
299,ノズパス,いわ,,がんじょう,じりょく,すなのちから,30,45,135,45,90,30,375,False,ホウエン,False,False
300,エネコ,ノーマル,,メロメロボディ,ノーマルスキン,ミラクルスキン,50,45,45,35,35,50,260,False,ホウエン,False,False
301,エネコロロ,ノーマル,,メロメロボディ,ノーマルスキン,ミラクルスキン,70,65,65,55,55,90,400,True,ホウエン,False,False
302,メガヤミラミ,あく,ゴースト,マジックミラー,,,50,85,125,85,115,20,480,True,ホウエン,True,False
302,ヤミラミ,あく,ゴースト,するどいめ,あとだし,いたずらごころ,50,75,75,65,65,50,380,True,ホウエン,False,False
303,クチート,はがね,フェアリー,かいりきバサミ,いかく,ちからずく,50,85,85,55,55,50,380,True,ホウエン,False,False
303,メガクチート,はがね,フェアリー,ちからもち,,,50,105,125,55,95,50,480,True,ホウエン,True,False
304,ココドラ,はがね,いわ,がんじょう,いしあたま,ヘヴィメタル,50,70,100,40,40,30,330,False,ホウエン,False,False
305,コドラ,はがね,いわ,がんじょう,いしあたま,ヘヴィメタル,60,90,140,50,50,40,430,False,ホウエン,False,False
306,ボスゴドラ,はがね,いわ,がんじょう,いしあたま,ヘヴィメタル,70,110,180,60,60,50,530,True,ホウエン,False,False
306,メガボスゴドラ,はがね,,フィルター,,,70,140,230,60,80,50,630,True,ホウエン,True,False
307,アサナン,かくとう,エスパー,ヨガパワー,,テレパシー,30,40,55,40,55,60,280,False,ホウエン,False,False
308,チャーレム,かくとう,エスパー,ヨガパワー,,テレパシー,60,60,75,60,75,80,410,True,ホウエン,False,False
308,メガチャーレム,かくとう,エスパー,ヨガパワー,,,60,100,85,80,85,100,510,True,ホウエン,True,False
309,ラクライ,でんき,,せいでんき,ひらいしん,マイナス,40,45,40,65,40,65,295,False,ホウエン,False,False
310,メガライボルト,でんき,,いかく,,,70,75,80,135,80,135,575,True,ホウエン,True,False
310,ライボルト,でんき,,せいでんき,ひらいしん,マイナス,70,75,60,105,60,105,475,True,ホウエン,False,False
311,プラスル,でんき,,プラス,,ひらいしん,60,50,40,85,75,95,405,True,ホウエン,False,False
312,マイナン,でんき,,マイナス,,ちくでん,60,40,50,75,85,95,405,True,ホウエン,False,False
313,バルビート,むし,,はっこう,むしのしらせ,いたずらごころ,65,73,75,47,85,85,430,True,ホウエン,False,False
314,イルミーゼ,むし,,どんかん,いろめがね,いたずらごころ,65,47,75,73,85,85,430,True,ホウエン,False,False
315,ロゼリア,くさ,どく,しぜんかいふく,どくのトゲ,リーフガード,50,60,45,100,80,65,400,False,ホウエン,False,False
316,ゴクリン,どく,,ヘドロえき,ねんちゃく,くいしんぼう,70,43,53,43,53,40,302,False,ホウエン,False,False
317,マルノーム,どく,,ヘドロえき,ねんちゃく,くいしんぼう,100,73,83,73,83,55,467,True,ホウエン,False,False
318,キバニア,みず,あく,さめはだ,,かそく,45,90,20,65,20,65,305,False,ホウエン,False,False
319,サメハダー,みず,あく,さめはだ,,かそく,70,120,40,95,40,95,460,True,ホウエン,False,False
319,メガサメハダー,みず,あく,がんじょうあご,,,70,140,70,110,65,105,560,True,ホウエン,True,False
320,ホエルコ,みず,,みずのベール,どんかん,プレッシャー,130,70,35,70,35,60,400,False,ホウエン,False,False
321,ホエルオー,みず,,みずのベール,どんかん,プレッシャー,170,90,45,90,45,60,500,True,ホウエン,False,False
322,ドンメル,ほのお,じめん,どんかん,たんじゅん,マイペース,60,60,40,65,45,35,305,False,ホウエン,False,False
323,バクーダ,ほのお,じめん,マグマのよろい,ハードロック,いかりのつぼ,70,100,70,105,75,40,460,True,ホウエン,False,False
323,メガバクーダ,ほのお,じめん,ちからずく,,,70,120,100,145,105,20,560,True,ホウエン,True,False
324,コータス,ほのお,,しろいけむり,ひでり,シェルアーマー,70,85,140,85,70,20,470,True,ホウエン,False,False
325,バネブー,エスパー,,あついしぼう,マイペース,くいしんぼう,60,25,35,70,80,60,330,False,ホウエン,False,False
326,ブーピッグ,エスパー,,あついしぼう,マイペース,くいしんぼう,80,45,65,90,110,80,470,True,ホウエン,False,False
327,パッチール,ノーマル,,マイペース,ちどりあし,あまのじゃく,60,60,60,60,60,60,360,True,ホウエン,False,False
328,ナックラー,じめん,,かいりきバサミ,ありじごく,ちからずく,45,100,45,45,45,10,290,False,ホウエン,False,False
329,ビブラーバ,じめん,ドラゴン,ふゆう,,,50,70,50,50,50,70,340,False,ホウエン,False,False
330,フライゴン,じめん,ドラゴン,ふゆう,,,80,100,80,80,80,100,520,True,ホウエン,False,False
331,サボネア,くさ,,すながくれ,,ちょすい,50,85,40,85,40,35,335,False,ホウエン,False,False
332,ノクタス,くさ,あく,すながくれ,,ちょすい,70,115,60,115,60,55,475,True,ホウエン,False,False
333,チルット,ノーマル,ひこう,しぜんかいふく,,ノーてんき,45,40,60,40,75,50,310,False,ホウエン,False,False
334,チルタリス,ドラゴン,ひこう,しぜんかいふく,,ノーてんき,75,70,90,70,105,80,490,True,ホウエン,False,False
334,メガチルタリス,ドラゴン,フェアリー,フェアリースキン,,,75,110,110,110,105,80,590,True,ホウエン,True,False
335,ザングース,ノーマル,,めんえき,,どくぼうそう,73,115,60,60,60,90,458,True,ホウエン,False,False
336,ハブネーク,どく,,だっぴ,,すりぬけ,73,100,60,100,60,65,458,True,ホウエン,False,False
337,ルナトーン,いわ,エスパー,ふゆう,,,90,55,65,95,85,70,460,True,ホウエン,False,False
338,ソルロック,いわ,エスパー,ふゆう,,,90,95,85,55,65,70,460,True,ホウエン,False,False
339,ドジョッチ,みず,じめん,どんかん,きけんよち,うるおいボディ,50,48,43,46,41,60,288,False,ホウエン,False,False
340,ナマズン,みず,じめん,どんかん,きけんよち,うるおいボディ,110,78,73,76,71,60,468,True,ホウエン,False,False
341,ヘイガニ,みず,,かいりきバサミ,シェルアーマー,てきおうりょく,43,80,65,50,35,35,308,False,ホウエン,False,False
342,シザリガー,みず,あく,かいりきバサミ,シェルアーマー,てきおうりょく,63,120,85,90,55,55,468,True,ホウエン,False,False
343,ヤジロン,じめん,エスパー,ふゆう,,,40,40,55,40,70,55,300,False,ホウエン,False,False
344,ネンドール,じめん,エスパー,ふゆう,,,60,70,105,70,120,75,500,True,ホウエン,False,False
345,リリーラ,いわ,くさ,きゅうばん,,よびみず,66,41,77,61,87,23,355,False,ホウエン,False,False
346,ユレイドル,いわ,くさ,きゅうばん,,よびみず,86,81,97,81,107,43,495,True,ホウエン,False,False
347,アノプス,いわ,むし,カブトアーマー,,すいすい,45,95,50,40,50,75,355,False,ホウエン,False,False
348,アーマルド,いわ,むし,カブトアーマー,,すいすい,75,125,100,70,80,45,495,True,ホウエン,False,False
349,ヒンバス,みず,,すいすい,どんかん,てきおうりょく,20,15,20,10,55,80,200,False,ホウエン,False,False
350,ミロカロス,みず,,ふしぎなうろこ,かちき,メロメロボディ,95,60,79,100,125,81,540,True,ホウエン,False,False
351,ポワルン,ノーマル,,てんきや,,,70,70,70,70,70,70,420,True,ホウエン,False,False
352,カクレオン,ノーマル,,へんしょく,,へんげんじざい,60,90,70,60,120,40,440,True,ホウエン,False,False
353,カゲボウズ,ゴースト,,ふみん,おみとおし,のろわれボディ,44,75,35,63,33,45,295,False,ホウエン,False,False
354,ジュペッタ,ゴースト,,ふみん,おみとおし,のろわれボディ,64,115,65,83,63,65,455,True,ホウエン,False,False
354,メガジュペッタ,ゴースト,,いたずらごころ,,,64,165,75,93,83,75,555,True,ホウエン,True,False
355,ヨマワル,ゴースト,,ふゆう,,おみとおし,20,40,90,30,90,25,295,False,ホウエン,False,False
356,サマヨール,ゴースト,,プレッシャー,,おみとおし,40,70,130,60,130,25,455,False,ホウエン,False,False
357,トロピウス,くさ,ひこう,ようりょくそ,サンパワー,しゅうかく,99,68,83,72,87,51,460,True,ホウエン,False,False
358,チリーン,エスパー,,ふゆう,,,75,50,80,95,90,65,455,True,ホウエン,False,False
359,アブソル,あく,,プレッシャー,きょううん,せいぎのこころ,65,130,60,75,60,75,465,True,ホウエン,False,False
359,メガアブソル,あく,,マジックミラー,,,65,150,60,115,60,115,565,True,ホウエン,True,False
360,ソーナノ,エスパー,,かげふみ,,テレパシー,95,23,48,23,48,23,260,False,ホウエン,False,False
361,ユキワラシ,こおり,,せいしんりょく,アイスボディ,ムラっけ,50,50,50,50,50,50,300,False,ホウエン,False,False
362,オニゴーリ,こおり,,せいしんりょく,アイスボディ,ムラっけ,80,80,80,80,80,80,480,True,ホウエン,False,True
362,メガオニゴーリ,こおり,,フリーズスキン,,,80,120,80,120,80,100,580,True,ホウエン,True,False
363,タマザラシ,こおり,みず,あついしぼう,アイスボディ,どんかん,70,40,50,55,50,25,290,False,ホウエン,False,False
364,トドグラー,こおり,みず,あついしぼう,アイスボディ,どんかん,90,60,70,75,70,45,410,False,ホウエン,False,False
365,トドゼルガ,こおり,みず,あついしぼう,アイスボディ,どんかん,110,80,90,95,90,65,530,True,ホウエン,False,False
366,パールル,みず,,シェルアーマー,,びびり,35,64,85,74,55,32,345,False,ホウエン,False,False
367,ハンテール,みず,,すいすい,,みずのベール,55,104,105,94,75,52,485,True,ホウエン,False,False
368,サクラビス,みず,,すいすい,,うるおいボディ,55,84,105,114,75,52,485,True,ホウエン,False,False
369,ジーランス,みず,いわ,すいすい,いしあたま,がんじょう,100,90,130,45,65,55,485,True,ホウエン,False,False
370,ラブカス,みず,,すいすい,,うるおいボディ,43,30,55,40,65,97,330,True,ホウエン,False,False
371,タツベイ,ドラゴン,,いしあたま,,ちからずく,45,75,60,40,30,50,300,False,ホウエン,False,False
372,コモルー,ドラゴン,,いしあたま,,ぼうじん,65,95,100,60,50,50,420,False,ホウエン,False,False
373,ボーマンダ,ドラゴン,ひこう,いかく,,じしんかじょう,95,135,80,110,80,100,600,True,ホウエン,False,False
373,メガボーマンダ,ドラゴン,ひこう,スカイスキン,,,95,145,130,120,90,120,700,True,ホウエン,True,False
374,ダンバル,はがね,エスパー,クリアボディ,,ライトメタル,40,55,80,35,60,30,300,False,ホウエン,False,False
375,メタング,はがね,エスパー,クリアボディ,,ライトメタル,60,75,100,55,80,50,420,False,ホウエン,False,False
376,メガメタグロス,はがね,エスパー,かたいツメ,,,80,145,150,105,110,110,700,True,ホウエン,True,False
376,メタグロス,はがね,エスパー,クリアボディ,,ライトメタル,80,135,130,95,90,70,600,True,ホウエン,False,False
377,レジロック,いわ,,クリアボディ,,がんじょう,80,100,200,50,100,50,580,True,ホウエン,False,False
378,レジアイス,こおり,,クリアボディ,,アイスボディ,80,50,100,100,200,50,580,True,ホウエン,False,False
379,レジスチル,はがね,,クリアボディ,,ライトメタル,80,75,150,75,150,50,580,True,ホウエン,False,False
380,メガラティアス,ドラゴン,エスパー,ふゆう,,,80,100,120,140,150,110,700,True,ホウエン,True,False
380,ラティアス,ドラゴン,エスパー,ふゆう,,,80,80,90,110,130,110,600,True,ホウエン,False,False
381,メガラティオス,ドラゴン,エスパー,ふゆう,,,80,130,100,160,120,110,700,True,ホウエン,True,False
381,ラティオス,ドラゴン,エスパー,ふゆう,,,80,90,80,130,110,110,600,True,ホウエン,False,False
382,カイオーガ,みず,,あめふらし,,,100,100,90,150,140,90,670,True,ホウエン,False,False
382,ゲンシカイオーガ,みず,,はじまりのうみ,,,100,150,90,180,160,90,770,True,ホウエン,True,False
383,グラードン,じめん,,ひでり,,,100,150,140,100,90,90,670,True,ホウエン,False,False
383,ゲンシグラードン,じめん,ほのお,おわりのだいち,,,100,180,160,150,90,90,770,True,ホウエン,True,False
384,メガレックウザ,ドラゴン,ひこう,デルタストリーム,,,105,180,100,180,100,115,780,True,ホウエン,True,False
384,レックウザ,ドラゴン,ひこう,エアロック,,,105,150,90,150,90,95,680,True,ホウエン,False,False
385,ジラーチ,はがね,エスパー,てんのめぐみ,,,100,100,100,100,100,100,600,True,ホウエン,False,True
386,デオキシス(アタックフォルム),エスパー,,プレッシャー,,,50,180,20,180,20,150,600,True,ホウエン,False,False
386,デオキシス(スピードフォルム),エスパー,,プレッシャー,,,50,95,90,95,90,180,600,True,ホウエン,False,False
386,デオキシス(ディフェンスフォルム),エスパー,,プレッシャー,,,50,70,160,70,160,90,600,True,ホウエン,False,False
386,デオキシス(ノーマルフォルム),エスパー,,プレッシャー,,,50,150,50,150,50,150,600,True,ホウエン,False,False
387,ナエトル,くさ,,しんりょく,,シェルアーマー,55,68,64,45,55,31,318,False,シンオウ,False,False
388,ハヤシガメ,くさ,,しんりょく,,シェルアーマー,75,89,85,55,65,36,405,False,シンオウ,False,False
389,ドダイトス,くさ,じめん,しんりょく,,シェルアーマー,95,109,105,75,85,56,525,True,シンオウ,False,False
390,ヒコザル,ほのお,,もうか,,てつのこぶし,44,58,44,58,44,61,309,False,シンオウ,False,False
391,モウカザル,ほのお,かくとう,もうか,,てつのこぶし,64,78,52,78,52,81,405,False,シンオウ,False,False
392,ゴウカザル,ほのお,かくとう,もうか,,てつのこぶし,76,104,71,104,71,108,534,True,シンオウ,False,False
393,ポッチャマ,みず,,げきりゅう,,まけんき,53,51,53,61,56,40,314,False,シンオウ,False,False
394,ポッタイシ,みず,,げきりゅう,,まけんき,64,66,68,81,76,50,405,False,シンオウ,False,False
395,エンペルト,みず,はがね,げきりゅう,,まけんき,84,86,88,111,101,60,530,True,シンオウ,False,False
396,ムックル,ノーマル,ひこう,するどいめ,,すてみ,40,55,30,30,30,60,245,False,シンオウ,False,False
397,ムクバード,ノーマル,ひこう,いかく,,すてみ,55,75,50,40,40,80,340,False,シンオウ,False,False
398,ムクホーク,ノーマル,ひこう,いかく,,すてみ,85,120,70,50,60,100,485,True,シンオウ,False,False
399,ビッパ,ノーマル,,たんじゅん,てんねん,ムラっけ,59,45,40,35,40,31,250,False,シンオウ,False,False
400,ビーダル,ノーマル,みず,たんじゅん,てんねん,ムラっけ,79,85,60,55,60,71,410,True,シンオウ,False,False
401,コロボーシ,むし,,だっぴ,,にげあし,37,25,41,25,41,25,194,False,シンオウ,False,False
402,コロトック,むし,,むしのしらせ,,テクニシャン,77,85,51,55,51,65,384,True,シンオウ,False,False
403,コリンク,でんき,,とうそうしん,いかく,こんじょう,45,65,34,40,34,45,263,False,シンオウ,False,False
404,ルクシオ,でんき,,とうそうしん,いかく,こんじょう,60,85,49,60,49,60,363,False,シンオウ,False,False
405,レントラー,でんき,,とうそうしん,いかく,こんじょう,80,120,79,95,79,70,523,True,シンオウ,False,False
406,スボミー,くさ,どく,しぜんかいふく,どくのトゲ,リーフガード,40,30,35,50,70,55,280,False,シンオウ,False,False
407,ロズレイド,くさ,どく,しぜんかいふく,どくのトゲ,テクニシャン,60,70,65,125,105,90,515,True,シンオウ,False,False
408,ズガイドス,いわ,,かたやぶり,,ちからずく,67,125,40,30,30,58,350,False,シンオウ,False,False
409,ラムパルド,いわ,,かたやぶり,,ちからずく,97,165,60,65,50,58,495,True,シンオウ,False,False
410,タテトプス,いわ,はがね,がんじょう,,ぼうおん,30,42,118,42,88,30,350,False,シンオウ,False,False
411,トリデプス,いわ,はがね,がんじょう,,ぼうおん,60,52,168,47,138,30,495,True,シンオウ,False,False
412,ミノムッチ,むし,,だっぴ,,ぼうじん,40,29,45,29,45,36,224,False,シンオウ,False,False
413,ミノマダム(くさきのミノ),むし,くさ,きけんよち,,ぼうじん,60,59,85,79,105,36,424,True,シンオウ,False,False
413,ミノマダム(すなちのミノ),むし,じめん,きけんよち,,ぼうじん,60,79,105,59,85,36,424,True,シンオウ,False,False
413,ミノマダム(ゴミのミノ),むし,はがね,きけんよち,,ぼうじん,60,69,95,69,95,36,424,True,シンオウ,False,False
414,ガーメイル,むし,ひこう,むしのしらせ,,いろめがね,70,94,50,94,50,66,424,True,シンオウ,False,False
415,ミツハニー,むし,ひこう,みつあつめ,,はりきり,30,30,42,30,42,70,244,False,シンオウ,False,False
416,ビークイン,むし,ひこう,プレッシャー,,きんちょうかん,70,80,102,80,102,40,474,True,シンオウ,False,False
417,パチリス,でんき,,にげあし,ものひろい,ちくでん,60,45,70,45,90,95,405,True,シンオウ,False,False
418,ブイゼル,みず,,すいすい,,みずのベール,55,65,35,60,30,85,330,False,シンオウ,False,False
419,フローゼル,みず,,すいすい,,みずのベール,85,105,55,85,50,115,495,True,シンオウ,False,False
420,チェリンボ,くさ,,ようりょくそ,,,45,35,45,62,53,35,275,False,シンオウ,False,False
421,チェリム,くさ,,フラワーギフト,,,70,60,70,87,78,85,450,True,シンオウ,False,False
422,カラナクシ,みず,,ねんちゃく,よびみず,すなのちから,76,48,48,57,62,34,325,False,シンオウ,False,False
423,トリトドン,みず,じめん,ねんちゃく,よびみず,すなのちから,111,83,68,92,82,39,475,True,シンオウ,False,False
424,エテボース,ノーマル,,テクニシャン,ものひろい,スキルリンク,75,100,66,60,66,115,482,True,シンオウ,False,False
425,フワンテ,ゴースト,ひこう,ゆうばく,かるわざ,ねつぼうそう,90,50,34,60,44,70,348,False,シンオウ,False,False
426,フワライド,ゴースト,ひこう,ゆうばく,かるわざ,ねつぼうそう,150,80,44,90,54,80,498,True,シンオウ,False,False
427,ミミロル,ノーマル,,にげあし,ぶきよう,じゅうなん,55,66,44,44,56,85,350,False,シンオウ,False,False
428,ミミロップ,ノーマル,,メロメロボディ,ぶきよう,じゅうなん,65,76,84,54,96,105,480,True,シンオウ,False,False
428,メガミミロップ,ノーマル,かくとう,きもったま,,,65,136,94,54,96,135,580,True,シンオウ,True,False
429,ムウマージ,ゴースト,,ふゆう,,,60,60,60,105,105,105,495,True,シンオウ,False,False
430,ドンカラス,あく,ひこう,ふみん,きょううん,じしんかじょう,100,125,52,105,52,71,505,True,シンオウ,False,False
431,ニャルマー,ノーマル,,じゅうなん,マイペース,するどいめ,49,55,42,42,37,85,310,False,シンオウ,False,False
432,ブニャット,ノーマル,,あついしぼう,マイペース,まけんき,71,82,64,64,59,112,452,True,シンオウ,False,False
433,リーシャン,エスパー,,ふゆう,,,45,30,50,65,50,45,285,False,シンオウ,False,False
434,スカンプー,どく,あく,あくしゅう,ゆうばく,するどいめ,63,63,47,41,41,74,329,False,シンオウ,False,False
435,スカタンク,どく,あく,あくしゅう,ゆうばく,するどいめ,103,93,67,71,61,84,479,True,シンオウ,False,False
436,ドーミラー,はがね,エスパー,ふゆう,たいねつ,ヘヴィメタル,57,24,86,24,86,23,300,False,シンオウ,False,False
437,ドータクン,はがね,エスパー,ふゆう,たいねつ,ヘヴィメタル,67,89,116,79,116,33,500,True,シンオウ,False,False
438,ウソハチ,いわ,,がんじょう,いしあたま,びびり,50,80,95,10,45,10,290,False,シンオウ,False,False
439,マネネ,エスパー,フェアリー,ぼうおん,フィルター,テクニシャン,20,25,45,70,90,60,310,False,シンオウ,False,False
440,ピンプク,ノーマル,,しぜんかいふく,てんのめぐみ,フレンドガード,100,5,5,15,65,30,220,False,シンオウ,False,False
441,ペラップ,ノーマル,ひこう,するどいめ,ちどりあし,はとむね,76,65,45,92,42,91,411,True,シンオウ,False,False
442,ミカルゲ,ゴースト,あく,プレッシャー,,すりぬけ,50,92,108,92,108,35,485,True,シンオウ,False,False
443,フカマル,ドラゴン,じめん,すながくれ,,さめはだ,58,70,45,40,45,42,300,False,シンオウ,False,False
444,ガバイト,ドラゴン,じめん,すながくれ,,さめはだ,68,90,65,50,55,82,410,False,シンオウ,False,False
445,ガブリアス,ドラゴン,じめん,すながくれ,,さめはだ,108,130,95,80,85,102,600,True,シンオウ,False,False
445,メガガブリアス,ドラゴン,じめん,すなのちから,,,108,170,115,120,95,92,700,True,シンオウ,True,False
446,ゴンベ,ノーマル,,ものひろい,あついしぼう,くいしんぼう,135,85,40,40,85,5,390,False,シンオウ,False,False
447,リオル,かくとう,,ふくつのこころ,せいしんりょく,いたずらごころ,40,70,40,35,40,60,285,False,シンオウ,False,False
448,メガルカリオ,かくとう,はがね,てきおうりょく,,,70,145,88,140,70,112,625,True,シンオウ,True,False
448,ルカリオ,かくとう,はがね,ふくつのこころ,せいしんりょく,せいぎのこころ,70,110,70,115,70,90,525,True,シンオウ,False,False
449,ヒポポタス,じめん,,すなおこし,,すなのちから,68,72,78,38,42,32,330,False,シンオウ,False,False
450,カバルドン,じめん,,すなおこし,,すなのちから,108,112,118,68,72,47,525,True,シンオウ,False,False
451,スコルピ,どく,むし,カブトアーマー,スナイパー,するどいめ,40,50,90,30,55,65,330,False,シンオウ,False,False
452,ドラピオン,どく,あく,カブトアーマー,スナイパー,するどいめ,70,90,110,60,75,95,500,True,シンオウ,False,False
453,グレッグル,どく,かくとう,きけんよち,かんそうはだ,どくしゅ,48,61,40,61,40,50,300,False,シンオウ,False,False
454,ドクロッグ,どく,かくとう,きけんよち,かんそうはだ,どくしゅ,83,106,65,86,65,85,490,True,シンオウ,False,False
455,マスキッパ,くさ,,ふゆう,,,74,100,72,90,72,46,454,True,シンオウ,False,False
456,ケイコウオ,みず,,すいすい,よびみず,みずのベール,49,49,56,49,61,66,330,False,シンオウ,False,False
457,ネオラント,みず,,すいすい,よびみず,みずのベール,69,69,76,69,86,91,460,True,シンオウ,False,False
458,タマンタ,みず,ひこう,すいすい,ちょすい,みずのベール,45,20,50,60,120,50,345,False,シンオウ,False,False
459,ユキカブリ,くさ,こおり,ゆきふらし,,ぼうおん,60,62,50,62,60,40,334,False,シンオウ,False,False
460,メガユキノオー,くさ,こおり,ゆきふらし,,,90,132,105,132,105,30,594,True,シンオウ,True,False
460,ユキノオー,くさ,こおり,ゆきふらし,,ぼうおん,90,92,75,92,85,60,494,True,シンオウ,False,False
461,マニューラ,あく,こおり,プレッシャー,,わるいてぐせ,70,120,65,45,85,125,510,True,シンオウ,False,False
462,ジバコイル,でんき,はがね,じりょく,がんじょう,アナライズ,70,70,115,130,90,60,535,True,シンオウ,False,False
463,ベロベルト,ノーマル,,マイペース,どんかん,ノーてんき,110,85,95,80,95,50,515,True,シンオウ,False,False
464,ドサイドン,じめん,いわ,ひらいしん,ハードロック,すてみ,115,140,130,55,55,40,535,True,シンオウ,False,False
465,モジャンボ,くさ,,ようりょくそ,リーフガード,さいせいりょく,100,100,125,110,50,50,535,True,シンオウ,False,False
466,エレキブル,でんき,,でんきエンジン,,やるき,75,123,67,95,85,95,540,True,シンオウ,False,False
467,ブーバーン,ほのお,,ほのおのからだ,,やるき,75,95,67,125,95,83,540,True,シンオウ,False,False
468,トゲキッス,フェアリー,ひこう,はりきり,てんのめぐみ,きょううん,85,50,95,120,115,80,545,True,シンオウ,False,False
469,メガヤンマ,むし,ひこう,かそく,いろめがね,おみとおし,86,76,86,116,56,95,515,True,シンオウ,False,False
470,リーフィア,くさ,,リーフガード,,ようりょくそ,65,110,130,60,65,95,525,True,シンオウ,False,False
471,グレイシア,こおり,,ゆきがくれ,,アイスボディ,65,60,110,130,95,65,525,True,シンオウ,False,False
472,グライオン,じめん,ひこう,かいりきバサミ,すながくれ,ポイズンヒール,75,95,125,45,75,95,510,True,シンオウ,False,False
473,マンムー,こおり,じめん,どんかん,ゆきがくれ,あついしぼう,110,130,80,70,60,80,530,True,シンオウ,False,False
474,ポリゴンZ,ノーマル,,てきおうりょく,ダウンロード,アナライズ,85,80,70,135,75,90,535,True,シンオウ,False,False
475,エルレイド,エスパー,かくとう,ふくつのこころ,,せいぎのこころ,68,125,65,65,115,80,518,True,シンオウ,False,False
475,メガエルレイド,エスパー,かくとう,せいしんりょく,,,68,165,95,65,115,110,618,True,シンオウ,True,False
476,ダイノーズ,いわ,はがね,がんじょう,じりょく,すなのちから,60,55,145,75,150,40,525,True,シンオウ,False,False
477,ヨノワール,ゴースト,,プレッシャー,,おみとおし,45,100,135,65,135,45,525,True,シンオウ,False,False
478,ユキメノコ,こおり,ゴースト,ゆきがくれ,,のろわれボディ,70,80,70,80,70,110,480,True,シンオウ,False,False
479,ロトム(ウォッシュロトム),でんき,みず,ふゆう,,,50,65,107,105,107,86,520,True,シンオウ,False,True
479,ロトム(カットロトム),でんき,くさ,ふゆう,,,50,65,107,105,107,86,520,True,シンオウ,False,True
479,ロトム(スピンロトム),でんき,ひこう,ふゆう,,,50,65,107,105,107,86,520,True,シンオウ,False,True
479,ロトム(ヒートロトム),でんき,ほのお,ふゆう,,,50,65,107,105,107,86,520,True,シンオウ,False,True
479,ロトム(フロストロトム),でんき,こおり,ふゆう,,,50,65,107,105,107,86,520,True,シンオウ,False,True
479,ロトム,でんき,ゴースト,ふゆう,,,50,50,77,95,77,91,440,True,シンオウ,False,False
480,ユクシー,エスパー,,ふゆう,,,75,75,130,75,130,95,580,True,シンオウ,False,False
481,エムリット,エスパー,,ふゆう,,,80,105,105,105,105,80,580,True,シンオウ,False,False
482,アグノム,エスパー,,ふゆう,,,75,125,70,125,70,115,580,True,シンオウ,False,False
483,ディアルガ,はがね,ドラゴン,プレッシャー,,テレパシー,100,120,120,150,100,90,680,True,シンオウ,False,False
484,パルキア,みず,ドラゴン,プレッシャー,,テレパシー,90,120,100,150,120,100,680,True,シンオウ,False,False
485,ヒードラン,ほのお,はがね,もらいび,,ほのおのからだ,91,90,106,130,106,77,600,True,シンオウ,False,False
486,レジギガス,ノーマル,,スロースタート,,,110,160,110,80,110,100,670,True,シンオウ,False,False
487,ギラティナ(アナザーフォルム),ゴースト,ドラゴン,プレッシャー,,テレパシー,150,100,120,100,120,90,680,True,シンオウ,False,False
487,ギラティナ(オリジンフォルム),ゴースト,ドラゴン,ふゆう,,,150,120,100,120,100,90,680,True,シンオウ,False,False
488,クレセリア,エスパー,,ふゆう,,,120,70,120,75,130,85,600,True,シンオウ,False,False
489,フィオネ,みず,,うるおいボディ,,,80,80,80,80,80,80,480,True,シンオウ,False,True
490,マナフィ,みず,,うるおいボディ,,,100,100,100,100,100,100,600,True,シンオウ,False,True
491,ダークライ,あく,,ナイトメア,,,70,90,90,135,90,125,600,True,シンオウ,False,False
492,シェイミ(スカイフォルム),くさ,ひこう,てんのめぐみ,,,100,103,75,120,75,127,600,True,シンオウ,False,False
492,シェイミ(ランドフォルム),くさ,,しぜんかいふく,,,100,100,100,100,100,100,600,True,シンオウ,False,True
493,アルセウス,ノーマル,,マルチタイプ,,,120,120,120,120,120,120,720,True,シンオウ,False,False
494,ビクティニ,エスパー,ほのお,しょうりのほし,,,100,100,100,100,100,100,600,True,シンオウ,False,True
495,ツタージャ,くさ,,しんりょく,,あまのじゃく,45,45,55,45,55,63,308,False,イッシュ,False,False
496,ジャノビー,くさ,,しんりょく,,あまのじゃく,60,60,75,60,75,83,413,False,イッシュ,False,False
497,ジャローダ,くさ,,しんりょく,,あまのじゃく,75,75,95,75,95,113,528,True,イッシュ,False,False
498,ポカブ,ほのお,,もうか,,あついしぼう,65,63,45,45,45,45,308,False,イッシュ,False,False
499,チャオブー,ほのお,かくとう,もうか,,あついしぼう,90,93,55,70,55,55,418,False,イッシュ,False,False
500,エンブオー,ほのお,かくとう,もうか,,すてみ,110,123,65,100,65,65,528,True,イッシュ,False,False
501,ミジュマル,みず,,げきりゅう,,シェルアーマー,55,55,45,63,45,45,308,False,イッシュ,False,False
502,フタチマル,みず,,げきりゅう,,シェルアーマー,75,75,60,83,60,60,413,False,イッシュ,False,False
503,ダイケンキ,みず,,げきりゅう,,シェルアーマー,95,100,85,108,70,70,528,True,イッシュ,False,False
504,ミネズミ,ノーマル,,にげあし,するどいめ,アナライズ,45,55,39,35,39,42,255,False,イッシュ,False,False
505,ミルホッグ,ノーマル,,はっこう,するどいめ,アナライズ,60,85,69,60,69,77,420,True,イッシュ,False,False
506,ヨーテリー,ノーマル,,やるき,ものひろい,にげあし,45,60,45,25,45,55,275,False,イッシュ,False,False
507,ハーデリア,ノーマル,,いかく,すなかき,きもったま,65,80,65,35,65,60,370,False,イッシュ,False,False
508,ムーランド,ノーマル,,いかく,すなかき,きもったま,85,110,90,45,90,80,500,True,イッシュ,False,False
509,チョロネコ,あく,,じゅうなん,かるわざ,いたずらごころ,41,50,37,50,37,66,281,False,イッシュ,False,False
510,レパルダス,あく,,じゅうなん,かるわざ,いたずらごころ,64,88,50,88,50,106,446,True,イッシュ,False,False
511,ヤナップ,くさ,,くいしんぼう,,しんりょく,50,53,48,53,48,64,316,False,イッシュ,False,True
512,ヤナッキー,くさ,,くいしんぼう,,しんりょく,75,98,63,98,63,101,498,True,イッシュ,False,True
513,バオップ,ほのお,,くいしんぼう,,もうか,50,53,48,53,48,64,316,False,イッシュ,False,True
514,バオッキー,ほのお,,くいしんぼう,,もうか,75,98,63,98,63,101,498,True,イッシュ,False,True
515,ヒヤップ,みず,,くいしんぼう,,げきりゅう,50,53,48,53,48,64,316,False,イッシュ,False,True
516,ヒヤッキー,みず,,くいしんぼう,,げきりゅう,75,98,63,98,63,101,498,True,イッシュ,False,True
517,ムンナ,エスパー,,よちむ,シンクロ,テレパシー,76,25,45,67,55,24,292,False,イッシュ,False,False
518,ムシャーナ,エスパー,,よちむ,シンクロ,テレパシー,116,55,85,107,95,29,487,True,イッシュ,False,False
519,マメパト,ノーマル,ひこう,はとむね,きょううん,とうそうしん,50,55,50,36,30,43,264,False,イッシュ,False,False
520,ハトーボー,ノーマル,ひこう,はとむね,きょううん,とうそうしん,62,77,62,50,42,65,358,False,イッシュ,False,False
521,ケンホロウ,ノーマル,ひこう,はとむね,きょううん,とうそうしん,80,115,80,65,55,93,488,True,イッシュ,False,False
522,シママ,でんき,,ひらいしん,でんきエンジン,そうしょく,45,60,32,50,32,76,295,False,イッシュ,False,False
523,ゼブライカ,でんき,,ひらいしん,でんきエンジン,そうしょく,75,100,63,80,63,116,497,True,イッシュ,False,False
524,ダンゴロ,いわ,,がんじょう,くだけるよろい,すなのちから,55,75,85,25,25,15,280,False,イッシュ,False,False
525,ガントル,いわ,,がんじょう,くだけるよろい,すなのちから,70,105,105,50,40,20,390,False,イッシュ,False,False
526,ギガイアス,いわ,,がんじょう,すなおこし,すなのちから,85,135,130,60,80,25,515,True,イッシュ,False,False
527,コロモリ,エスパー,ひこう,てんねん,ぶきよう,たんじゅん,65,45,43,55,43,72,323,False,イッシュ,False,False
528,ココロモリ,エスパー,ひこう,てんねん,ぶきよう,たんじゅん,67,57,55,77,55,114,425,True,イッシュ,False,False
529,モグリュー,じめん,,すなかき,すなのちから,かたやぶり,60,85,40,30,45,68,328,False,イッシュ,False,False
530,ドリュウズ,じめん,はがね,すなかき,すなのちから,かたやぶり,110,135,60,50,65,88,508,True,イッシュ,False,False
531,タブンネ,ノーマル,,いやしのこころ,さいせいりょく,ぶきよう,103,60,86,60,86,50,445,True,イッシュ,False,False
531,メガタブンネ,ノーマル,フェアリー,いやしのこころ,,,103,60,126,80,126,50,545,True,イッシュ,True,False
532,ドッコラー,かくとう,,こんじょう,ちからずく,てつのこぶし,75,80,55,25,35,35,305,False,イッシュ,False,False
533,ドテッコツ,かくとう,,こんじょう,ちからずく,てつのこぶし,85,105,85,40,50,40,405,False,イッシュ,False,False
534,ローブシン,かくとう,,こんじょう,ちからずく,てつのこぶし,105,140,95,55,65,45,505,True,イッシュ,False,False
535,オタマロ,みず,,すいすい,うるおいボディ,ちょすい,50,50,40,50,40,64,294,False,イッシュ,False,False
536,ガマガル,みず,じめん,すいすい,うるおいボディ,ちょすい,75,65,55,65,55,69,384,False,イッシュ,False,False
537,ガマゲロゲ,みず,じめん,すいすい,どくしゅ,ちょすい,105,95,75,85,75,74,509,True,イッシュ,False,False
538,ナゲキ,かくとう,,こんじょう,せいしんりょく,かたやぶり,120,100,85,30,85,45,465,True,イッシュ,False,False
539,ダゲキ,かくとう,,がんじょう,せいしんりょく,かたやぶり,75,125,75,30,75,85,465,True,イッシュ,False,False
540,クルミル,むし,くさ,むしのしらせ,ようりょくそ,ぼうじん,45,53,70,40,60,42,310,False,イッシュ,False,False
541,クルマユ,むし,くさ,リーフガード,ようりょくそ,ぼうじん,55,63,90,50,80,42,380,False,イッシュ,False,False
542,ハハコモリ,むし,くさ,むしのしらせ,ようりょくそ,ぼうじん,75,103,80,70,80,92,500,True,イッシュ,False,False
543,フシデ,むし,どく,どくのトゲ,むしのしらせ,かそく,30,45,59,30,39,57,260,False,イッシュ,False,False
544,ホイーガ,むし,どく,どくのトゲ,むしのしらせ,かそく,40,55,99,40,79,47,360,False,イッシュ,False,False
545,ペンドラー,むし,どく,どくのトゲ,むしのしらせ,かそく,60,100,89,55,69,112,485,True,イッシュ,False,False
546,モンメン,くさ,フェアリー,いたずらごころ,すりぬけ,ようりょくそ,40,27,60,37,50,66,280,False,イッシュ,False,False
547,エルフーン,くさ,フェアリー,いたずらごころ,すりぬけ,ようりょくそ,60,67,85,77,75,116,480,True,イッシュ,False,False
548,チュリネ,くさ,,ようりょくそ,マイペース,リーフガード,45,35,50,70,50,30,280,False,イッシュ,False,False
549,ドレディア,くさ,,ようりょくそ,マイペース,リーフガード,70,60,75,110,75,90,480,True,イッシュ,False,False
550,バスラオ(あおすじ),みず,,いしあたま,てきおうりょく,かたやぶり,70,92,65,80,55,98,460,True,イッシュ,False,True
550,バスラオ(あかすじ),みず,,すてみ,てきおうりょく,かたやぶり,70,92,65,80,55,98,460,True,イッシュ,False,True
551,メグロコ,じめん,あく,いかく,じしんかじょう,いかりのつぼ,50,72,35,35,35,65,292,False,イッシュ,False,False
552,ワルビル,じめん,あく,いかく,じしんかじょう,いかりのつぼ,60,82,45,45,45,74,351,False,イッシュ,False,False
553,ワルビアル,じめん,あく,いかく,じしんかじょう,いかりのつぼ,95,117,80,65,70,92,519,True,イッシュ,False,False
554,ダルマッカ(ガラルのすがた),こおり,,はりきり,,せいしんりょく,70,90,45,15,45,50,315,False,ガラル,False,True
554,ダルマッカ,ほのお,,はりきり,,せいしんりょく,70,90,45,15,45,50,315,False,イッシュ,False,True
555,ヒヒダルマ(ガラルのすがた),こおり,,ごりむちゅう,,ダルマモード,105,140,55,30,55,95,480,True,ガラル,False,True
555,ヒヒダルマ(ダルマモード(ガラルのすがた)),こおり,ほのお,ごりむちゅう,,ダルマモード,105,160,55,30,55,135,540,True,ガラル,False,False
555,ヒヒダルマ(ダルマモード),ほのお,エスパー,ちからずく,,ダルマモード,105,30,105,140,105,55,540,True,イッシュ,False,False
555,ヒヒダルマ,ほのお,,ちからずく,,ダルマモード,105,140,55,30,55,95,480,True,イッシュ,False,True
556,マラカッチ,くさ,,ちょすい,ようりょくそ,よびみず,75,86,67,106,67,60,461,True,イッシュ,False,False
557,イシズマイ,むし,いわ,がんじょう,シェルアーマー,くだけるよろい,50,65,85,35,35,55,325,False,イッシュ,False,False
558,イワパレス,むし,いわ,がんじょう,シェルアーマー,くだけるよろい,70,105,125,65,75,45,485,True,イッシュ,False,False
559,ズルッグ,あく,かくとう,だっぴ,じしんかじょう,いかく,50,75,70,35,70,48,348,False,イッシュ,False,False
560,ズルズキン,あく,かくとう,だっぴ,じしんかじょう,いかく,65,90,115,45,115,58,488,True,イッシュ,False,False
561,シンボラー,エスパー,ひこう,ミラクルスキン,マジックガード,いろめがね,72,58,80,103,80,97,490,True,イッシュ,False,False
562,デスマス(ガラルのすがた),じめん,ゴースト,さまようたましい,,,38,55,85,30,65,30,303,False,ガラル,False,False
562,デスマス,ゴースト,,ミイラ,,,38,30,85,55,65,30,303,False,イッシュ,False,False
563,デスカーン,ゴースト,,ミイラ,,,58,50,145,95,105,30,483,True,イッシュ,False,False
564,プロトーガ,みず,いわ,ハードロック,がんじょう,すいすい,54,78,103,53,45,22,355,False,イッシュ,False,False
565,アバゴーラ,みず,いわ,ハードロック,がんじょう,すいすい,74,108,133,83,65,32,495,True,イッシュ,False,False
566,アーケン,いわ,ひこう,よわき,,,55,112,45,74,45,70,401,False,イッシュ,False,False
567,アーケオス,いわ,ひこう,よわき,,,75,140,65,112,65,110,567,True,イッシュ,False,False
568,ヤブクロン,どく,,あくしゅう,ねんちゃく,ゆうばく,50,50,62,40,62,65,329,False,イッシュ,False,False
569,ダストダス,どく,,あくしゅう,くだけるよろい,ゆうばく,80,95,82,60,82,75,474,True,イッシュ,False,False
570,ゾロア,あく,,イリュージョン,,,40,65,40,80,40,65,330,False,イッシュ,False,False
571,ゾロアーク,あく,,イリュージョン,,,60,105,60,120,60,105,510,True,イッシュ,False,False
572,チラーミィ,ノーマル,,メロメロボディ,テクニシャン,スキルリンク,55,50,40,40,40,75,300,False,イッシュ,False,False
573,チラチーノ,ノーマル,,メロメロボディ,テクニシャン,スキルリンク,75,95,60,65,60,115,470,True,イッシュ,False,False
574,ゴチム,エスパー,,おみとおし,かちき,かげふみ,45,30,50,55,65,45,290,False,イッシュ,False,False
575,ゴチミル,エスパー,,おみとおし,かちき,かげふみ,60,45,70,75,85,55,390,False,イッシュ,False,False
576,ゴチルゼル,エスパー,,おみとおし,かちき,かげふみ,70,55,95,95,110,65,490,True,イッシュ,False,False
577,ユニラン,エスパー,,ぼうじん,マジックガード,さいせいりょく,45,30,40,105,50,20,290,False,イッシュ,False,False
578,ダブラン,エスパー,,ぼうじん,マジックガード,さいせいりょく,65,40,50,125,60,30,370,False,イッシュ,False,False
579,ランクルス,エスパー,,ぼうじん,マジックガード,さいせいりょく,110,65,75,125,85,30,490,True,イッシュ,False,False
580,コアルヒー,みず,ひこう,するどいめ,はとむね,うるおいボディ,62,44,50,44,50,55,305,False,イッシュ,False,False
581,スワンナ,みず,ひこう,するどいめ,はとむね,うるおいボディ,75,87,63,87,63,98,473,True,イッシュ,False,False
582,バニプッチ,こおり,,アイスボディ,ゆきがくれ,くだけるよろい,36,50,50,65,60,44,305,False,イッシュ,False,False
583,バニリッチ,こおり,,アイスボディ,ゆきがくれ,くだけるよろい,51,65,65,80,75,59,395,False,イッシュ,False,False
584,バイバニラ,こおり,,アイスボディ,ゆきふらし,くだけるよろい,71,95,85,110,95,79,535,True,イッシュ,False,False
585,シキジカ,ノーマル,くさ,ようりょくそ,そうしょく,てんのめぐみ,60,60,50,40,50,75,335,False,イッシュ,False,False
586,メブキジカ,ノーマル,くさ,ようりょくそ,そうしょく,てんのめぐみ,80,100,70,60,70,95,475,True,イッシュ,False,False
587,エモンガ,でんき,ひこう,せいでんき,,でんきエンジン,55,75,60,75,60,103,428,True,イッシュ,False,False
588,カブルモ,むし,,むしのしらせ,だっぴ,ノーガード,50,75,45,40,45,60,315,False,イッシュ,False,False
589,シュバルゴ,むし,はがね,むしのしらせ,シェルアーマー,ぼうじん,70,135,105,60,105,20,495,True,イッシュ,False,False
590,タマゲタケ,くさ,どく,ほうし,,さいせいりょく,69,55,45,55,55,15,294,False,イッシュ,False,False
591,モロバレル,くさ,どく,ほうし,,さいせいりょく,114,85,70,85,80,30,464,True,イッシュ,False,False
592,プルリル,みず,ゴースト,ちょすい,のろわれボディ,しめりけ,55,40,50,65,85,40,335,False,イッシュ,False,False
593,ブルンゲル,みず,ゴースト,ちょすい,のろわれボディ,しめりけ,100,60,70,85,105,60,480,True,イッシュ,False,False
594,ママンボウ,みず,,いやしのこころ,うるおいボディ,さいせいりょく,165,75,80,40,45,65,470,True,イッシュ,False,False
595,バチュル,むし,でんき,ふくがん,きんちょうかん,むしのしらせ,50,47,50,57,50,65,319,False,イッシュ,False,False
596,デンチュラ,むし,でんき,ふくがん,きんちょうかん,むしのしらせ,70,77,60,97,60,108,472,True,イッシュ,False,False
597,テッシード,くさ,はがね,てつのトゲ,,,44,50,91,24,86,10,305,False,イッシュ,False,False
598,ナットレイ,くさ,はがね,てつのトゲ,,きけんよち,74,94,131,54,116,20,489,True,イッシュ,False,False
599,ギアル,はがね,,プラス,マイナス,クリアボディ,40,55,70,45,60,30,300,False,イッシュ,False,False
600,ギギアル,はがね,,プラス,マイナス,クリアボディ,60,80,95,70,85,50,440,False,イッシュ,False,False
601,ギギギアル,はがね,,プラス,マイナス,クリアボディ,60,100,115,70,85,90,520,True,イッシュ,False,False
602,シビシラス,でんき,,ふゆう,,,35,55,40,45,40,60,275,False,イッシュ,False,False
603,シビビール,でんき,,ふゆう,,,65,85,70,75,70,40,405,False,イッシュ,False,False
604,シビルドン,でんき,,ふゆう,,,85,115,80,105,80,50,515,True,イッシュ,False,False
605,リグレー,エスパー,,テレパシー,シンクロ,アナライズ,55,55,55,85,55,30,335,False,イッシュ,False,False
606,オーベム,エスパー,,テレパシー,シンクロ,アナライズ,75,75,75,125,95,40,485,True,イッシュ,False,False
607,ヒトモシ,ゴースト,ほのお,もらいび,ほのおのからだ,すりぬけ,50,30,55,65,55,20,275,False,イッシュ,False,False
608,ランプラー,ゴースト,ほのお,もらいび,ほのおのからだ,すりぬけ,60,40,60,95,60,55,370,False,イッシュ,False,False
609,シャンデラ,ゴースト,ほのお,もらいび,ほのおのからだ,すりぬけ,60,55,90,145,90,80,520,True,イッシュ,False,False
610,キバゴ,ドラゴン,,とうそうしん,かたやぶり,きんちょうかん,46,87,60,30,40,57,320,False,イッシュ,False,False
611,オノンド,ドラゴン,,とうそうしん,かたやぶり,きんちょうかん,66,117,70,40,50,67,410,False,イッシュ,False,False
612,オノノクス,ドラゴン,,とうそうしん,かたやぶり,きんちょうかん,76,147,90,60,70,97,540,True,イッシュ,False,False
613,クマシュン,こおり,,ゆきがくれ,ゆきかき,びびり,55,70,40,60,40,40,305,False,イッシュ,False,False
614,ツンベアー,こおり,,ゆきがくれ,ゆきかき,すいすい,95,130,80,70,80,50,505,True,イッシュ,False,False
615,フリージオ,こおり,,ふゆう,,,80,50,50,95,135,105,515,True,イッシュ,False,False
616,チョボマキ,むし,,うるおいボディ,シェルアーマー,ぼうじん,50,40,85,40,65,25,305,False,イッシュ,False,False
617,アギルダー,むし,,うるおいボディ,ねんちゃく,かるわざ,80,70,40,100,60,145,495,True,イッシュ,False,False
618,マッギョ(ガラルのすがた),じめん,はがね,ぎたい,,,109,81,99,66,84,32,471,True,ガラル,False,False
618,マッギョ,じめん,でんき,せいでんき,じゅうなん,すながくれ,109,66,84,81,99,32,471,True,イッシュ,False,False
619,コジョフー,かくとう,,せいしんりょく,さいせいりょく,すてみ,45,85,50,55,50,65,350,False,イッシュ,False,False
620,コジョンド,かくとう,,せいしんりょく,さいせいりょく,すてみ,65,125,60,95,60,105,510,True,イッシュ,False,False
621,クリムガン,ドラゴン,,さめはだ,ちからずく,かたやぶり,77,120,90,60,90,48,485,True,イッシュ,False,False
622,ゴビット,じめん,ゴースト,てつのこぶし,ぶきよう,ノーガード,59,74,50,35,50,35,303,False,イッシュ,False,False
623,ゴルーグ,じめん,ゴースト,てつのこぶし,ぶきよう,ノーガード,89,124,80,55,80,55,483,True,イッシュ,False,False
624,コマタナ,あく,はがね,まけんき,せいしんりょく,プレッシャー,45,85,70,40,40,60,340,False,イッシュ,False,False
625,キリキザン,あく,はがね,まけんき,せいしんりょく,プレッシャー,65,125,100,60,70,70,490,True,イッシュ,False,False
626,バッフロン,ノーマル,,すてみ,そうしょく,ぼうおん,95,110,95,40,95,55,490,True,イッシュ,False,False
627,ワシボン,ノーマル,ひこう,するどいめ,ちからずく,はりきり,70,83,50,37,50,60,350,False,イッシュ,False,False
628,ウォーグル,ノーマル,ひこう,するどいめ,ちからずく,まけんき,100,123,75,57,75,80,510,True,イッシュ,False,False
629,バルチャイ,あく,ひこう,はとむね,ぼうじん,くだけるよろい,70,55,75,45,65,60,370,False,イッシュ,False,False
630,バルジーナ,あく,ひこう,はとむね,ぼうじん,くだけるよろい,110,65,105,55,95,80,510,True,イッシュ,False,False
631,クイタラン,ほのお,,くいしんぼう,もらいび,しろいけむり,85,97,66,105,66,65,484,True,イッシュ,False,False
632,アイアント,むし,はがね,むしのしらせ,はりきり,なまけ,58,109,112,48,48,109,484,True,イッシュ,False,False
633,モノズ,あく,ドラゴン,はりきり,,,52,65,50,45,50,38,300,False,イッシュ,False,False
634,ジヘッド,あく,ドラゴン,はりきり,,,72,85,70,65,70,58,420,False,イッシュ,False,False
635,サザンドラ,あく,ドラゴン,ふゆう,,,92,105,90,125,90,98,600,True,イッシュ,False,False
636,メラルバ,むし,ほのお,ほのおのからだ,,むしのしらせ,55,85,55,50,55,60,360,False,イッシュ,False,False
637,ウルガモス,むし,ほのお,ほのおのからだ,,むしのしらせ,85,60,65,135,105,100,550,True,イッシュ,False,False
638,コバルオン,はがね,かくとう,せいぎのこころ,,,91,90,129,90,72,108,580,True,イッシュ,False,False
639,テラキオン,いわ,かくとう,せいぎのこころ,,,91,129,90,72,90,108,580,True,イッシュ,False,False
640,ビリジオン,くさ,かくとう,せいぎのこころ,,,91,90,72,90,129,108,580,True,イッシュ,False,False
641,トルネロス(けしんフォルム),ひこう,,いたずらごころ,,まけんき,79,115,70,125,80,111,580,True,イッシュ,False,True
641,トルネロス(れいじゅうフォルム),ひこう,,さいせいりょく,,,79,100,80,110,90,121,580,True,イッシュ,False,False
642,ボルトロス(けしんフォルム),でんき,ひこう,いたずらごころ,,まけんき,79,115,70,125,80,111,580,True,イッシュ,False,True
642,ボルトロス(れいじゅうフォルム),でんき,ひこう,ちくでん,,,79,105,70,145,80,101,580,True,イッシュ,False,False
643,レシラム,ドラゴン,ほのお,ターボブレイズ,,,100,120,100,150,120,90,680,True,イッシュ,False,False
644,ゼクロム,ドラゴン,でんき,テラボルテージ,,,100,150,120,120,100,90,680,True,イッシュ,False,False
645,ランドロス(けしんフォルム),じめん,ひこう,すなのちから,,ちからずく,89,125,90,115,80,101,600,True,イッシュ,False,False
645,ランドロス(れいじゅうフォルム),じめん,ひこう,いかく,,,89,145,90,105,80,91,600,True,イッシュ,False,False
646,キュレム(ブラックキュレム),ドラゴン,こおり,テラボルテージ,,,125,170,100,120,90,95,700,True,イッシュ,False,False
646,キュレム(ホワイトキュレム),ドラゴン,こおり,ターボブレイズ,,,125,120,90,170,100,95,700,True,イッシュ,False,False
646,キュレム,ドラゴン,こおり,プレッシャー,,,125,130,90,130,90,95,660,True,イッシュ,False,False
647,ケルディオ(いつものすがた),みず,かくとう,せいぎのこころ,,,91,72,90,129,90,108,580,True,イッシュ,False,True
647,ケルディオ(かくごのすがた),みず,かくとう,せいぎのこころ,,,91,72,90,129,90,108,580,True,イッシュ,False,True
648,メロエッタ(ステップフォルム),ノーマル,かくとう,てんのめぐみ,,,100,128,90,77,77,128,600,True,イッシュ,False,False
648,メロエッタ(ボイスフォルム),ノーマル,エスパー,てんのめぐみ,,,100,77,77,128,128,90,600,True,イッシュ,False,False
649,ゲノセクト,むし,はがね,ダウンロード,,,71,120,95,120,95,99,600,True,イッシュ,False,False
650,ハリマロン,くさ,,しんりょく,,ぼうだん,56,61,65,48,45,38,313,False,カロス,False,False
651,ハリボーグ,くさ,,しんりょく,,ぼうだん,61,78,95,56,58,57,405,False,カロス,False,False
652,ブリガロン,くさ,かくとう,しんりょく,,ぼうだん,88,107,122,74,75,64,530,True,カロス,False,False
653,フォッコ,ほのお,,もうか,,マジシャン,40,45,40,62,60,60,307,False,カロス,False,False
654,テールナー,ほのお,,もうか,,マジシャン,59,59,58,90,70,73,409,False,カロス,False,False
655,マフォクシー,ほのお,エスパー,もうか,,マジシャン,75,69,72,114,100,104,534,True,カロス,False,False
656,ケロマツ,みず,,げきりゅう,,へんげんじざい,41,56,40,62,44,71,314,False,カロス,False,False
657,ゲコガシラ,みず,,げきりゅう,,へんげんじざい,54,63,52,83,56,97,405,False,カロス,False,False
658,ゲッコウガ,みず,あく,げきりゅう,,へんげんじざい,72,95,67,103,71,122,530,True,カロス,False,False
659,ホルビー,ノーマル,,ものひろい,ほおぶくろ,ちからもち,38,36,38,32,36,57,237,False,カロス,False,False
660,ホルード,ノーマル,じめん,ものひろい,ほおぶくろ,ちからもち,85,56,77,50,77,78,423,True,カロス,False,False
661,ヤヤコマ,ノーマル,ひこう,はとむね,,はやてのつばさ,45,50,43,40,38,62,278,False,カロス,False,False
662,ヒノヤコマ,ほのお,ひこう,ほのおのからだ,,はやてのつばさ,62,73,55,56,52,84,382,False,カロス,False,False
663,ファイアロー,ほのお,ひこう,ほのおのからだ,,はやてのつばさ,78,81,71,74,69,126,499,True,カロス,False,False
664,コフキムシ,むし,,りんぷん,ふくがん,フレンドガード,38,35,40,27,25,35,200,False,カロス,False,False
665,コフーライ,むし,,だっぴ,,フレンドガード,45,22,60,27,30,29,213,False,カロス,False,False
666,ビビヨン,むし,ひこう,りんぷん,ふくがん,フレンドガード,80,52,50,90,50,89,411,True,カロス,False,False
667,シシコ,ほのお,ノーマル,とうそうしん,きんちょうかん,じしんかじょう,62,50,58,73,54,72,369,False,カロス,False,False
668,カエンジシ,ほのお,ノーマル,とうそうしん,きんちょうかん,じしんかじょう,86,68,72,109,66,106,507,True,カロス,False,False
669,フラベベ,フェアリー,,フラワーベール,,きょうせい,44,38,39,61,79,42,303,False,カロス,False,False
670,フラエッテ,フェアリー,,フラワーベール,,きょうせい,54,45,47,75,98,52,371,False,カロス,False,False
671,フラージェス,フェアリー,,フラワーベール,,きょうせい,78,65,68,112,154,75,552,True,カロス,False,False
672,メェークル,くさ,,そうしょく,,くさのけがわ,66,65,48,62,57,52,350,False,カロス,False,False
673,ゴーゴート,くさ,,そうしょく,,くさのけがわ,123,100,62,97,81,68,531,True,カロス,False,False
674,ヤンチャム,かくとう,,てつのこぶし,かたやぶり,きもったま,67,82,62,46,48,43,348,False,カロス,False,False
675,ゴロンダ,かくとう,あく,てつのこぶし,かたやぶり,きもったま,95,124,78,69,71,58,495,True,カロス,False,False
676,トリミアン,ノーマル,,ファーコート,,,75,80,60,65,90,102,472,True,カロス,False,False
677,ニャスパー,エスパー,,するどいめ,すりぬけ,マイペース,62,48,54,63,60,68,355,False,カロス,False,False
678,ニャオニクス(オスの姿),エスパー,,するどいめ,すりぬけ,いたずらごころ,74,48,76,83,81,104,466,True,カロス,False,True
678,ニャオニクス(メスの姿),エスパー,,するどいめ,すりぬけ,かちき,74,48,76,83,81,104,466,True,カロス,False,True
679,ヒトツキ,はがね,ゴースト,ノーガード,,,45,80,100,35,37,28,325,False,カロス,False,False
680,ニダンギル,はがね,ゴースト,ノーガード,,,59,110,150,45,49,35,448,False,カロス,False,False
681,ギルガルド(シールドフォルム),はがね,ゴースト,バトルスイッチ,,,60,50,140,50,140,60,500,True,カロス,False,False
681,ギルガルド(ブレードフォルム),はがね,ゴースト,バトルスイッチ,,,60,140,50,140,50,60,500,True,カロス,False,False
682,シュシュプ,フェアリー,,いやしのこころ,,アロマベール,78,52,60,63,65,23,341,False,カロス,False,False
683,フレフワン,フェアリー,,いやしのこころ,,アロマベール,101,72,72,99,89,29,462,True,カロス,False,False
684,ペロッパフ,フェアリー,,スイートベール,,かるわざ,62,48,66,59,57,49,341,False,カロス,False,False
685,ペロリーム,フェアリー,,スイートベール,,かるわざ,82,80,86,85,75,72,480,True,カロス,False,False
686,マーイーカ,あく,エスパー,あまのじゃく,きゅうばん,すりぬけ,53,54,53,37,46,45,288,False,カロス,False,False
687,カラマネロ,あく,エスパー,あまのじゃく,きゅうばん,すりぬけ,86,92,88,68,75,73,482,True,カロス,False,False
688,カメテテ,いわ,みず,かたいツメ,スナイパー,わるいてぐせ,42,52,67,39,56,50,306,False,カロス,False,False
689,ガメノデス,いわ,みず,かたいツメ,スナイパー,わるいてぐせ,72,105,115,54,86,68,500,True,カロス,False,False
690,クズモー,どく,みず,どくのトゲ,どくしゅ,てきおうりょく,50,60,60,60,60,30,320,False,カロス,False,False
691,ドラミドロ,どく,ドラゴン,どくのトゲ,どくしゅ,てきおうりょく,65,75,90,97,123,44,494,True,カロス,False,False
692,ウデッポウ,みず,,メガランチャー,,,50,53,62,58,63,44,330,False,カロス,False,False
693,ブロスター,みず,,メガランチャー,,,71,73,88,120,89,59,500,True,カロス,False,False
694,エリキテル,でんき,ノーマル,かんそうはだ,すながくれ,サンパワー,44,38,33,61,43,70,289,False,カロス,False,False
695,エレザード,でんき,ノーマル,かんそうはだ,すながくれ,サンパワー,62,55,52,109,94,109,481,True,カロス,False,False
696,チゴラス,いわ,ドラゴン,がんじょうあご,,がんじょう,58,89,77,45,45,48,362,False,カロス,False,False
697,ガチゴラス,いわ,ドラゴン,がんじょうあご,,いしあたま,82,121,119,69,59,71,521,True,カロス,False,False
698,アマルス,いわ,こおり,フリーズスキン,,ゆきふらし,77,59,50,67,63,46,362,False,カロス,False,False
699,アマルルガ,いわ,こおり,フリーズスキン,,ゆきふらし,123,77,72,99,92,58,521,True,カロス,False,False
700,ニンフィア,フェアリー,,メロメロボディ,,フェアリースキン,95,65,65,110,130,60,525,True,カロス,False,False
701,ルチャブル,かくとう,ひこう,じゅうなん,かるわざ,かたやぶり,78,92,75,74,63,118,500,True,カロス,False,False
702,デデンネ,でんき,フェアリー,ほおぶくろ,ものひろい,プラス,67,58,57,81,67,101,431,True,カロス,False,False
703,メレシー,いわ,フェアリー,クリアボディ,,がんじょう,50,50,150,50,150,50,500,True,カロス,False,False
704,ヌメラ,ドラゴン,,そうしょく,うるおいボディ,ぬめぬめ,45,50,35,55,75,40,300,False,カロス,False,False
705,ヌメイル,ドラゴン,,そうしょく,うるおいボディ,ぬめぬめ,68,75,53,83,113,60,452,False,カロス,False,False
706,ヌメルゴン,ドラゴン,,そうしょく,うるおいボディ,ぬめぬめ,90,100,70,110,150,80,600,True,カロス,False,False
707,クレッフィ,はがね,フェアリー,いたずらごころ,,マジシャン,57,80,91,80,87,75,470,True,カロス,False,False
708,ボクレー,ゴースト,くさ,しぜんかいふく,おみとおし,しゅうかく,43,70,48,50,60,38,309,False,カロス,False,False
709,オーロット,ゴースト,くさ,しぜんかいふく,おみとおし,しゅうかく,85,110,76,65,82,56,474,True,カロス,False,False
710,バケッチャ(おおきいサイズ),ゴースト,くさ,ものひろい,おみとおし,ふみん,54,66,70,44,55,46,335,False,カロス,False,False
710,バケッチャ(ちいさいサイズ),ゴースト,くさ,ものひろい,おみとおし,ふみん,44,66,70,44,55,56,335,False,カロス,False,False
710,バケッチャ(とくだいサイズ),ゴースト,くさ,ものひろい,おみとおし,ふみん,59,66,70,44,55,41,335,False,カロス,False,False
710,バケッチャ(ふつうのサイズ),ゴースト,くさ,ものひろい,おみとおし,ふみん,49,66,70,44,55,51,335,False,カロス,False,False
711,パンプジン(おおきいサイズ),ゴースト,くさ,ものひろい,おみとおし,ふみん,75,95,122,58,75,69,494,True,カロス,False,False
711,パンプジン(ちいさいサイズ),ゴースト,くさ,ものひろい,おみとおし,ふみん,55,85,122,58,75,99,494,True,カロス,False,False
711,パンプジン(とくだいサイズ),ゴースト,くさ,ものひろい,おみとおし,ふみん,85,100,122,58,75,54,494,True,カロス,False,False
711,パンプジン(ふつうのサイズ),ゴースト,くさ,ものひろい,おみとおし,ふみん,65,90,122,58,75,84,494,True,カロス,False,False
712,カチコール,こおり,,マイペース,アイスボディ,がんじょう,55,69,85,32,35,28,304,False,カロス,False,False
713,クレベース,こおり,,マイペース,アイスボディ,がんじょう,95,117,184,44,46,28,514,True,カロス,False,False
714,オンバット,ひこう,ドラゴン,おみとおし,すりぬけ,テレパシー,40,30,35,45,40,55,245,False,カロス,False,False
715,オンバーン,ひこう,ドラゴン,おみとおし,すりぬけ,テレパシー,85,70,80,97,80,123,535,True,カロス,False,False
716,ゼルネアス,フェアリー,,フェアリーオーラ,,,126,131,95,131,98,99,680,True,カロス,False,True
717,イベルタル,あく,ひこう,ダークオーラ,,,126,131,95,131,98,99,680,True,カロス,False,True
718,ジガルデ(10%フォルム),ドラゴン,じめん,オーラブレイク,,,54,100,71,61,85,115,486,True,カロス,False,False
718,ジガルデ(50%フォルム),ドラゴン,じめん,オーラブレイク,,,108,100,121,81,95,95,600,True,カロス,False,False
718,ジガルデ(パーフェクトフォルム),ドラゴン,じめん,スワームチェンジ,,,216,100,121,91,95,85,708,True,カロス,False,False
719,ディアンシー,いわ,フェアリー,クリアボディ,,,50,100,150,100,150,50,600,True,カロス,False,False
719,メガディアンシー,いわ,フェアリー,マジックミラー,,,50,160,110,160,110,110,700,True,カロス,True,False
720,フーパ(いましめられしフーパ),エスパー,ゴースト,マジシャン,,,80,110,60,150,130,70,600,True,カロス,False,False
720,フーパ(ときはなたれしフーパ),エスパー,あく,マジシャン,,,80,160,60,170,130,80,680,True,カロス,False,False
721,ボルケニオン,ほのお,みず,ちょすい,,,80,110,120,130,90,70,600,True,カロス,False,False
722,モクロー,くさ,ひこう,しんりょく,,えんかく,68,55,55,50,50,42,320,False,アローラ,False,False
723,フクスロー,くさ,ひこう,しんりょく,,えんかく,78,75,75,70,70,52,420,False,アローラ,False,False
724,ジュナイパー,くさ,ゴースト,しんりょく,,えんかく,78,107,75,100,100,70,530,True,アローラ,False,False
725,ニャビー,ほのお,,もうか,,いかく,45,65,40,60,40,70,320,False,アローラ,False,False
726,ニャヒート,ほのお,,もうか,,いかく,65,85,50,80,50,90,420,False,アローラ,False,False
727,ガオガエン,ほのお,あく,もうか,,いかく,95,115,90,80,90,60,530,True,アローラ,False,False
728,アシマリ,みず,,げきりゅう,,うるおいボイス,50,54,54,66,56,40,320,False,アローラ,False,False
729,オシャマリ,みず,,げきりゅう,,うるおいボイス,60,69,69,91,81,50,420,False,アローラ,False,False
730,アシレーヌ,みず,フェアリー,げきりゅう,,うるおいボイス,80,74,74,126,116,60,530,True,アローラ,False,False
731,ツツケラ,ノーマル,ひこう,するどいめ,スキルリンク,ものひろい,35,75,30,30,30,65,265,False,アローラ,False,False
732,ケララッパ,ノーマル,ひこう,するどいめ,スキルリンク,ものひろい,55,85,50,40,50,75,355,False,アローラ,False,False
733,ドデカバシ,ノーマル,ひこう,するどいめ,スキルリンク,ちからずく,80,120,75,75,75,60,485,True,アローラ,False,False
734,ヤングース,ノーマル,,はりこみ,がんじょうあご,てきおうりょく,48,70,30,30,30,45,253,False,アローラ,False,False
735,デカグース,ノーマル,,はりこみ,がんじょうあご,てきおうりょく,88,110,60,55,60,45,418,True,アローラ,False,False
736,アゴジムシ,むし,,むしのしらせ,,,47,62,45,55,45,46,300,False,アローラ,False,False
737,デンヂムシ,むし,でんき,バッテリー,,,57,82,95,55,75,36,400,False,アローラ,False,False
738,クワガノン,むし,でんき,ふゆう,,,77,70,90,145,75,43,500,True,アローラ,False,False
739,マケンカニ,かくとう,,かいりきバサミ,てつのこぶし,いかりのつぼ,47,82,57,42,47,63,338,False,アローラ,False,False
740,ケケンカニ,かくとう,こおり,かいりきバサミ,てつのこぶし,いかりのつぼ,97,132,77,62,67,43,478,True,アローラ,False,False
741,オドリドリ(ぱちぱちスタイル),でんき,ひこう,おどりこ,,,75,70,70,98,70,93,476,True,アローラ,False,True
741,オドリドリ(ふらふらスタイル),エスパー,ひこう,おどりこ,,,75,70,70,98,70,93,476,True,アローラ,False,True
741,オドリドリ(まいまいスタイル),ゴースト,ひこう,おどりこ,,,75,70,70,98,70,93,476,True,アローラ,False,True
741,オドリドリ(めらめらスタイル),ほのお,ひこう,おどりこ,,,75,70,70,98,70,93,476,True,アローラ,False,True
742,アブリー,むし,フェアリー,みつあつめ,りんぷん,スイートベール,40,45,40,55,40,84,304,False,アローラ,False,False
743,アブリボン,むし,フェアリー,みつあつめ,りんぷん,スイートベール,60,55,60,95,70,124,464,True,アローラ,False,False
744,イワンコ,いわ,,するどいめ,やるき,ふくつのこころ,45,65,40,30,40,60,280,False,アローラ,False,False
745,ルガルガン(たそがれのすがた),いわ,,かたいツメ,,,75,117,65,55,65,110,487,True,アローラ,False,False
745,ルガルガン(まひるのすがた),いわ,,するどいめ,すなかき,ふくつのこころ,75,115,65,55,65,112,487,True,アローラ,False,False
745,ルガルガン(まよなかのすがた),いわ,,するどいめ,やるき,ノーガード,85,115,75,55,75,82,487,True,アローラ,False,False
746,ヨワシ(たんどくのすがた),みず,,ぎょぐん,,,45,20,20,25,25,40,175,True,アローラ,False,False
746,ヨワシ(むれたすがた),みず,,ぎょぐん,,,45,140,130,140,135,30,620,True,アローラ,False,False
747,ヒドイデ,どく,みず,ひとでなし,じゅうなん,さいせいりょく,50,53,62,43,52,45,305,False,アローラ,False,False
748,ドヒドイデ,どく,みず,ひとでなし,じゅうなん,さいせいりょく,50,63,152,53,142,35,495,True,アローラ,False,False
749,ドロバンコ,じめん,,マイペース,じきゅうりょく,せいしんりょく,70,100,70,45,55,45,385,False,アローラ,False,False
750,バンバドロ,じめん,,マイペース,じきゅうりょく,せいしんりょく,100,125,100,55,85,35,500,True,アローラ,False,False
751,シズクモ,みず,むし,すいほう,,ちょすい,38,40,52,40,72,27,269,False,アローラ,False,False
752,オニシズクモ,みず,むし,すいほう,,ちょすい,68,70,92,50,132,42,454,True,アローラ,False,False
753,カリキリ,くさ,,リーフガード,,あまのじゃく,40,55,35,50,35,35,250,False,アローラ,False,False
754,ラランテス,くさ,,リーフガード,,あまのじゃく,70,105,90,80,90,45,480,True,アローラ,False,False
755,ネマシュ,くさ,フェアリー,はっこう,ほうし,あめうけざら,40,35,55,65,75,15,285,False,アローラ,False,False
756,マシェード,くさ,フェアリー,はっこう,ほうし,あめうけざら,60,45,80,90,100,30,405,True,アローラ,False,False
757,ヤトウモリ,どく,ほのお,ふしょく,,どんかん,48,44,40,71,40,77,320,False,アローラ,False,False
758,エンニュート,どく,ほのお,ふしょく,,どんかん,68,64,60,111,60,117,480,True,アローラ,False,False
759,ヌイコグマ,ノーマル,かくとう,もふもふ,ぶきよう,メロメロボディ,70,75,50,45,50,50,340,False,アローラ,False,False
760,キテルグマ,ノーマル,かくとう,もふもふ,ぶきよう,きんちょうかん,120,125,80,55,60,60,500,True,アローラ,False,False
761,アマカジ,くさ,,リーフガード,どんかん,スイートベール,42,30,38,30,38,32,210,False,アローラ,False,False
762,アママイコ,くさ,,リーフガード,どんかん,スイートベール,52,40,48,40,48,62,290,False,アローラ,False,False
763,アマージョ,くさ,,リーフガード,じょおうのいげん,スイートベール,72,120,98,50,98,72,510,True,アローラ,False,False
764,キュワワー,フェアリー,,フラワーベール,ヒーリングシフト,しぜんかいふく,51,52,90,82,110,100,485,True,アローラ,False,False
765,ヤレユータン,ノーマル,エスパー,せいしんりょく,テレパシー,きょうせい,90,60,80,90,110,60,490,True,アローラ,False,False
766,ナゲツケサル,かくとう,,レシーバー,,まけんき,100,120,90,40,60,80,490,True,アローラ,False,False
767,コソクムシ,むし,みず,にげごし,,,25,35,40,20,30,80,230,False,アローラ,False,False
768,グソクムシャ,むし,みず,ききかいひ,,,75,125,140,60,90,40,530,True,アローラ,False,False
769,スナバァ,ゴースト,じめん,みずがため,,すながくれ,55,55,80,70,45,15,320,False,アローラ,False,False
770,シロデスナ,ゴースト,じめん,みずがため,,すながくれ,85,75,110,100,75,35,480,True,アローラ,False,False
771,ナマコブシ,みず,,とびだすなかみ,,てんねん,55,60,130,30,130,5,410,True,アローラ,False,False
772,タイプ：ヌル,ノーマル,,カブトアーマー,,,95,95,95,95,95,59,534,False,アローラ,False,False
773,シルヴァディ,ノーマル,,ARシステム,,,95,95,95,95,95,95,570,True,アローラ,False,False
774,メテノ(りゅうせいのすがた),いわ,ひこう,リミットシールド,,,60,60,100,60,100,60,440,True,アローラ,False,False
774,メテノ(コア),いわ,ひこう,リミットシールド,,,60,100,60,100,60,120,500,True,アローラ,False,False
775,ネッコアラ,ノーマル,,ぜったいねむり,,,65,115,65,75,95,65,480,True,アローラ,False,False
776,バクガメス,ほのお,ドラゴン,シェルアーマー,,,60,78,135,91,85,36,485,True,アローラ,False,False
777,トゲデマル,でんき,はがね,てつのトゲ,ひらいしん,がんじょう,65,98,63,40,73,96,435,True,アローラ,False,False
778,ミミッキュ,ゴースト,フェアリー,ばけのかわ,,,55,90,80,50,105,96,476,True,アローラ,False,False
779,ハギギシリ,みず,エスパー,ビビッドボディ,がんじょうあご,ミラクルスキン,68,105,70,70,70,92,475,True,アローラ,False,False
780,ジジーロン,ノーマル,ドラゴン,ぎゃくじょう,そうしょく,ノーてんき,78,60,85,135,91,36,485,True,アローラ,False,False
781,ダダリン,ゴースト,くさ,はがねつかい,,,70,131,100,86,90,40,517,True,アローラ,False,False
782,ジャラコ,ドラゴン,,ぼうだん,ぼうおん,ぼうじん,45,55,65,45,45,45,300,False,アローラ,False,False
783,ジャランゴ,ドラゴン,かくとう,ぼうだん,ぼうおん,ぼうじん,55,75,90,65,70,65,420,False,アローラ,False,False
784,ジャラランガ,ドラゴン,かくとう,ぼうだん,ぼうおん,ぼうじん,75,110,125,100,105,85,600,True,アローラ,False,False
785,カプ・コケコ,でんき,フェアリー,エレキメイカー,,テレパシー,70,115,85,95,75,130,570,True,アローラ,False,False
786,カプ・テテフ,エスパー,フェアリー,サイコメイカー,,テレパシー,70,85,75,130,115,95,570,True,アローラ,False,False
787,カプ・ブルル,くさ,フェアリー,グラスメイカー,,テレパシー,70,130,115,85,95,75,570,True,アローラ,False,False
788,カプ・レヒレ,みず,フェアリー,ミストメイカー,,テレパシー,70,75,115,95,130,85,570,True,アローラ,False,False
789,コスモッグ,エスパー,,てんねん,,,43,29,31,29,31,37,200,False,アローラ,False,False
790,コスモウム,エスパー,,がんじょう,,,43,29,131,29,131,37,400,False,アローラ,False,False
791,ソルガレオ,エスパー,はがね,メタルプロテクト,,,137,137,107,113,89,97,680,True,アローラ,False,False
792,ルナアーラ,エスパー,ゴースト,ファントムガード,,,137,113,89,137,107,97,680,True,アローラ,False,False
793,ウツロイド,いわ,どく,ビーストブースト,,,109,53,47,127,131,103,570,True,アローラ,False,False
794,マッシブーン,むし,かくとう,ビーストブースト,,,107,139,139,53,53,79,570,True,アローラ,False,False
795,フェローチェ,むし,かくとう,ビーストブースト,,,71,137,37,137,37,151,570,True,アローラ,False,False
796,デンジュモク,でんき,,ビーストブースト,,,83,89,71,173,71,83,570,True,アローラ,False,False
797,テッカグヤ,はがね,ひこう,ビーストブースト,,,97,101,103,107,101,61,570,True,アローラ,False,False
798,カミツルギ,くさ,はがね,ビーストブースト,,,59,181,131,59,31,109,570,True,アローラ,False,False
799,アクジキング,あく,ドラゴン,ビーストブースト,,,223,101,53,97,53,43,570,True,アローラ,False,False
800,ネクロズマ(あかつきのつばさ(月食)),エスパー,ゴースト,プリズムアーマー,,,97,113,109,157,127,77,680,True,アローラ,False,False
800,ネクロズマ(たそがれのたてがみ(日食)),エスパー,はがね,プリズムアーマー,,,97,157,127,113,109,77,680,True,アローラ,False,False
800,ネクロズマ(ウルトラネクロズマ),エスパー,ドラゴン,ブレインフォース,,,97,167,97,167,97,129,754,True,アローラ,False,False
800,ネクロズマ,エスパー,,プリズムアーマー,,,97,107,101,127,89,79,600,True,アローラ,False,False
801,マギアナ,はがね,フェアリー,ソウルハート,,,80,95,115,130,115,65,600,True,アローラ,False,False
802,マーシャドー,かくとう,ゴースト,テクニシャン,,,90,125,80,90,90,125,600,True,アローラ,False,False
803,ベベノム,どく,,ビーストブースト,,,67,73,67,73,67,73,420,False,アローラ,False,False
804,アーゴヨン,どく,ドラゴン,ビーストブースト,,,73,73,73,127,73,121,540,True,アローラ,False,False
805,ツンデツンデ,いわ,はがね,ビーストブースト,,,61,131,211,53,101,13,570,True,アローラ,False,False
806,ズガドーン,ほのお,ゴースト,ビーストブースト,,,53,127,53,151,79,107,570,True,アローラ,False,False
807,ゼラオラ,でんき,,ちくでん,,,88,112,75,102,80,143,600,True,アローラ,False,False
808,メルタン,はがね,,じりょく,,,46,65,65,55,35,34,300,False,アローラ,False,False
809,メルメタル,はがね,,てつのこぶし,,,135,143,143,80,65,34,600,True,アローラ,False,False
810,サルノリ,くさ,,しんりょく,,グラスメイカー,50,65,50,40,40,65,310,False,ガラル,False,False
811,バチンキー,くさ,,しんりょく,,グラスメイカー,70,85,70,55,60,80,420,False,ガラル,False,False
812,ゴリランダー,くさ,,しんりょく,,グラスメイカー,100,125,90,60,70,85,530,True,ガラル,False,False
813,ヒバニー,ほのお,,もうか,,リベロ,50,71,40,40,40,69,310,False,ガラル,False,False
814,ラビフット,ほのお,,もうか,,リベロ,65,86,60,55,60,94,420,False,ガラル,False,False
815,エースバーン,ほのお,,もうか,,リベロ,80,116,75,65,75,119,530,True,ガラル,False,False
816,メッソン,みず,,げきりゅう,,スナイパー,50,40,40,70,40,70,310,False,ガラル,False,False
817,ジメレオン,みず,,げきりゅう,,スナイパー,65,60,55,95,55,90,420,False,ガラル,False,False
818,インテレオン,みず,,げきりゅう,,スナイパー,70,85,65,125,65,120,530,True,ガラル,False,False
819,ホシガリス,ノーマル,,ほおぶくろ,,くいしんぼう,70,55,55,35,35,25,275,False,ガラル,False,False
820,ヨクバリス,ノーマル,,ほおぶくろ,,くいしんぼう,120,95,95,55,75,20,460,True,ガラル,False,False
821,ココガラ,ひこう,,するどいめ,きんちょうかん,はとむね,38,47,35,33,35,57,245,False,ガラル,False,False
822,アオガラス,ひこう,,するどいめ,きんちょうかん,はとむね,68,67,55,43,55,77,365,False,ガラル,False,False
823,アーマーガア,ひこう,はがね,プレッシャー,きんちょうかん,ミラーアーマー,98,87,105,53,85,67,495,True,ガラル,False,False
824,サッチムシ,むし,,むしのしらせ,ふくがん,テレパシー,25,20,20,25,45,45,180,False,ガラル,False,False
825,レドームシ,むし,エスパー,むしのしらせ,ふくがん,テレパシー,50,35,80,50,90,30,335,False,ガラル,False,False
826,イオルブ,むし,エスパー,むしのしらせ,おみとおし,テレパシー,60,45,110,80,120,90,505,True,ガラル,False,False
827,クスネ,あく,,にげあし,かるわざ,はりこみ,40,28,28,47,52,50,245,False,ガラル,False,False
828,フォクスライ,あく,,にげあし,かるわざ,はりこみ,70,58,58,87,92,90,455,True,ガラル,False,False
829,ヒメンカ,くさ,,わたげ,さいせいりょく,ほうし,40,40,60,40,60,10,250,False,ガラル,False,False
830,ワタシラガ,くさ,,わたげ,さいせいりょく,ほうし,60,50,90,80,120,60,460,True,ガラル,False,False
831,ウールー,ノーマル,,もふもふ,にげあし,ぼうだん,42,40,55,40,45,48,270,False,ガラル,False,False
832,バイウールー,ノーマル,,もふもふ,ふくつのこころ,ぼうだん,72,80,100,60,90,88,490,True,ガラル,False,False
833,カムカメ,みず,,がんじょうあご,シェルアーマー,すいすい,50,64,50,38,38,44,284,False,ガラル,False,False
834,カジリガメ,みず,いわ,がんじょうあご,シェルアーマー,すいすい,90,115,90,48,68,74,485,True,ガラル,False,False
835,ワンパチ,でんき,,たまひろい,,びびり,59,45,50,40,50,26,270,False,ガラル,False,False
836,パルスワン,でんき,,がんじょうあご,,かちき,69,90,60,90,60,121,490,True,ガラル,False,False
837,タンドン,いわ,,じょうききかん,たいねつ,もらいび,30,40,50,40,50,30,240,False,ガラル,False,False
838,トロッゴン,いわ,ほのお,じょうききかん,ほのおのからだ,もらいび,80,60,90,60,70,50,410,False,ガラル,False,False
839,セキタンザン,いわ,ほのお,じょうききかん,ほのおのからだ,もらいび,110,80,120,80,90,30,510,True,ガラル,False,False
840,カジッチュ,くさ,ドラゴン,じゅくせい,くいしんぼう,ぼうだん,40,40,80,40,40,20,260,False,ガラル,False,False
841,アップリュー,くさ,ドラゴン,じゅくせい,くいしんぼう,はりきり,70,110,80,95,60,70,485,True,ガラル,False,False
842,タルップル,くさ,ドラゴン,じゅくせい,くいしんぼう,あついしぼう,110,85,80,100,80,30,485,True,ガラル,False,False
843,スナヘビ,じめん,,すなはき,だっぴ,すながくれ,52,57,75,35,50,46,315,False,ガラル,False,False
844,サダイジャ,じめん,,すなはき,だっぴ,すながくれ,72,107,125,65,70,71,510,True,ガラル,False,False
845,ウッウ,ひこう,みず,うのミサイル,,,70,85,55,85,95,85,475,True,ガラル,False,False
846,サシカマス,みず,,すいすい,,スクリューおびれ,41,63,40,40,30,66,280,False,ガラル,False,False
847,カマスジョー,みず,,すいすい,,スクリューおびれ,61,123,60,60,50,136,490,True,ガラル,False,False
848,エレズン,でんき,どく,びびり,せいでんき,ぶきよう,40,38,35,54,35,40,242,False,ガラル,False,False
849,ストリンダー(ハイなすがた),でんき,どく,パンクロック,プラス,テクニシャン,75,98,70,114,70,75,502,True,ガラル,False,True
849,ストリンダー(ローなすがた),でんき,どく,パンクロック,マイナス,テクニシャン,75,98,70,114,70,75,502,True,ガラル,False,True
850,ヤクデ,ほのお,むし,もらいび,しろいけむり,ほのおのからだ,50,65,45,50,50,45,305,False,ガラル,False,False
851,マルヤクデ,ほのお,むし,もらいび,しろいけむり,ほのおのからだ,100,115,65,90,90,65,525,True,ガラル,False,False
852,タタッコ,かくとう,,じゅうなん,,テクニシャン,50,68,60,50,50,32,310,False,ガラル,False,False
853,オトスパス,かくとう,,じゅうなん,,テクニシャン,80,118,90,70,80,42,480,True,ガラル,False,False
854,ヤバチャ,ゴースト,,くだけるよろい,,のろわれボディ,40,45,45,74,54,50,308,False,ガラル,False,False
855,ポットデス,ゴースト,,くだけるよろい,,のろわれボディ,60,65,65,134,114,70,508,True,ガラル,False,False
856,ミブリム,エスパー,,いやしのこころ,きけんよち,マジックミラー,42,30,45,56,53,39,265,False,ガラル,False,False
857,テブリム,エスパー,,いやしのこころ,きけんよち,マジックミラー,57,40,65,86,73,49,370,False,ガラル,False,False
858,ブリムオン,エスパー,フェアリー,いやしのこころ,きけんよち,マジックミラー,57,90,95,136,103,29,510,True,ガラル,False,False
859,ベロバー,あく,フェアリー,いたずらごころ,おみとおし,わるいてぐせ,45,45,30,55,40,50,265,False,ガラル,False,False
860,ギモー,あく,フェアリー,いたずらごころ,おみとおし,わるいてぐせ,65,60,45,75,55,70,370,False,ガラル,False,False
861,オーロンゲ,あく,フェアリー,いたずらごころ,おみとおし,わるいてぐせ,95,120,65,95,75,60,510,True,ガラル,False,False
862,タチフサグマ,あく,ノーマル,すてみ,こんじょう,まけんき,93,90,101,60,81,95,520,True,ガラル,False,False
863,ニャイキング,はがね,,カブトアーマー,かたいツメ,はがねのせいしん,70,110,100,50,60,50,440,True,ガラル,False,False
864,サニゴーン,ゴースト,,くだけるよろい,,ほろびのボディ,60,95,50,145,130,30,510,True,ガラル,False,False
865,ネギガナイト,かくとう,,ふくつのこころ,,きもったま,62,135,95,68,82,65,507,True,ガラル,False,False
866,バリコオル,こおり,エスパー,ちどりあし,バリアフリー,アイスボディ,80,85,75,110,100,70,520,True,ガラル,False,False
867,デスバーン,じめん,ゴースト,さまようたましい,,,58,95,145,50,105,30,483,True,ガラル,False,False
868,マホミル,フェアリー,,スイートベール,,アロマベール,45,40,40,50,61,34,270,False,ガラル,False,False
869,マホイップ,フェアリー,,スイートベール,,アロマベール,65,60,75,110,121,64,495,True,ガラル,False,False
870,タイレーツ,かくとう,,カブトアーマー,,まけんき,65,100,100,70,60,75,470,True,ガラル,False,False
871,バチンウニ,でんき,,ひらいしん,,エレキメイカー,48,101,95,91,85,15,435,True,ガラル,False,False
872,ユキハミ,こおり,むし,りんぷん,,こおりのりんぷん,30,25,35,45,30,20,185,False,ガラル,False,False
873,モスノウ,こおり,むし,りんぷん,,こおりのりんぷん,70,65,60,125,90,65,475,True,ガラル,False,False
874,イシヘンジン,いわ,,パワースポット,,,100,125,135,20,20,70,470,True,ガラル,False,False
875,コオリッポ(アイスフェイス),こおり,,アイスフェイス,,,75,80,110,65,90,50,470,True,ガラル,False,False
875,コオリッポ(ナイスフェイス),こおり,,アイスフェイス,,,75,80,70,65,50,130,470,True,ガラル,False,False
876,イエッサン(オスのすがた),エスパー,ノーマル,せいしんりょく,シンクロ,サイコメイカー,60,65,55,105,95,95,475,True,ガラル,False,False
876,イエッサン(メスのすがた),エスパー,ノーマル,マイペース,シンクロ,サイコメイカー,70,55,65,95,105,85,475,True,ガラル,False,False
877,モルペコ,でんき,あく,はらぺこスイッチ,,,58,95,58,70,58,97,436,True,ガラル,False,False
878,ゾウドウ,はがね,,ちからずく,,ヘヴィメタル,72,80,49,40,49,40,330,False,ガラル,False,False
879,ダイオウドウ,はがね,,ちからずく,,ヘヴィメタル,122,130,69,80,69,30,500,True,ガラル,False,False
880,パッチラゴン,でんき,ドラゴン,ちくでん,はりきり,すなかき,90,100,90,80,70,75,505,True,ガラル,False,False
881,パッチルドン,でんき,こおり,ちくでん,せいでんき,ゆきかき,90,100,90,90,80,55,505,True,ガラル,False,False
882,ウオノラゴン,みず,ドラゴン,ちょすい,がんじょうあご,すなかき,90,90,100,70,80,75,505,True,ガラル,False,False
883,ウオチルドン,みず,こおり,ちょすい,アイスボディ,ゆきかき,90,90,100,80,90,55,505,True,ガラル,False,False
884,ジュラルドン,はがね,ドラゴン,ライトメタル,ヘヴィメタル,すじがねいり,70,95,115,120,50,85,535,True,ガラル,False,False
885,ドラメシヤ,ドラゴン,ゴースト,クリアボディ,すりぬけ,のろわれボディ,28,60,30,40,30,82,270,False,ガラル,False,False
886,ドロンチ,ドラゴン,ゴースト,クリアボディ,すりぬけ,のろわれボディ,68,80,50,60,50,102,410,False,ガラル,False,False
887,ドラパルト,ドラゴン,ゴースト,クリアボディ,すりぬけ,のろわれボディ,88,120,75,100,75,142,600,True,ガラル,False,False
888,ザシアン(けんのおう),フェアリー,はがね,ふとうのけん,,,92,170,115,80,115,148,720,True,ガラル,False,False
888,ザシアン(れきせんのゆうしゃ),フェアリー,,ふとうのけん,,,92,130,115,80,115,138,670,True,ガラル,False,True
889,ザマゼンタ(たてのおう),かくとう,はがね,ふくつのたて,,,92,130,145,80,145,128,720,True,ガラル,False,False
889,ザマゼンタ(れきせんのゆうしゃ),かくとう,,ふくつのたて,,,92,130,115,80,115,138,670,True,ガラル,False,True
890,ムゲンダイナ,どく,ドラゴン,プレッシャー,,,140,85,95,145,95,130,690,True,ガラル,False,False
891,ダクマ,かくとう,,せいしんりょく,,,60,90,60,53,50,72,385,False,ガラル,False,False
892,ウーラオス(いちげきのかた),かくとう,あく,ふかしのこぶし,,,100,130,100,63,60,97,550,True,ガラル,False,True
892,ウーラオス(れんげきのかた),かくとう,みず,ふかしのこぶし,,,100,130,100,63,60,97,550,True,ガラル,False,True
893,ザルード,あく,くさ,リーフガード,,,105,120,105,70,95,105,600,True,ガラル,False,False
894,レジエレキ,でんき,,トランジスタ,,,80,100,50,100,50,200,580,True,ガラル,False,False
895,レジドラゴ,ドラゴン,,りゅうのあぎと,,,200,100,50,100,50,80,580,True,ガラル,False,False
896,ブリザポス,こおり,,しろのいななき,,,100,145,130,65,110,30,580,True,ガラル,False,False
897,レイスポス,ゴースト,,くろのいななき,,,100,65,60,145,80,130,580,True,ガラル,False,False
898,バドレックス(こくばじょうのすがた),エスパー,ゴースト,じんばいったい,,,100,85,80,165,100,150,680,True,ガラル,False,False
898,バドレックス(はくばじょうのすがた),エスパー,こおり,じんばいったい,,,100,165,150,85,130,50,680,True,ガラル,False,False
898,バドレックス,エスパー,くさ,きんちょうかん,,,100,80,80,80,80,80,500,True,ガラル,False,False
